id;id_station;level_competence;last_assement;id_operateur
149;61;0;22/04/2021;1
286;60;0;22/04/2021;1
423;59;0;22/04/2021;1
560;58;0;22/04/2021;1
697;57;0;22/04/2021;1
834;56;0;22/04/2021;1
971;55;0;22/04/2021;1
1108;54;1;22/04/2021;1
1245;53;0;22/04/2021;1
1382;52;0;22/04/2021;1
1519;51;0;22/04/2021;1
1656;50;0;22/04/2021;1
1793;49;1;22/04/2021;1
1930;48;0;22/04/2021;1
2068;47;0;22/04/2021;1
2205;46;0;22/04/2021;1
2345;45;0;22/04/2021;1
2482;44;0;22/04/2021;1
2619;43;0;22/04/2021;1
2756;42;0;22/04/2021;1
2893;41;0;22/04/2021;1
3030;40;0;22/04/2021;1
3167;39;0;22/04/2021;1
3304;38;1;22/04/2021;1
3441;37;0;22/04/2021;1
3579;36;1;22/04/2021;1
3717;35;0;22/04/2021;1
148;61;0;22/04/2021;4
285;60;0;22/04/2021;4
422;59;0;22/04/2021;4
559;58;0;22/04/2021;4
696;57;0;22/04/2021;4
833;56;0;22/04/2021;4
970;55;0;22/04/2021;4
1107;54;1;22/04/2021;4
1244;53;1;22/04/2021;4
1381;52;1;22/04/2021;4
1518;51;0;22/04/2021;4
1655;50;1;22/04/2021;4
1792;49;1;22/04/2021;4
1929;48;0;22/04/2021;4
2067;47;0;22/04/2021;4
2204;46;0;22/04/2021;4
2344;45;0;22/04/2021;4
2481;44;0;22/04/2021;4
2618;43;0;22/04/2021;4
2755;42;0;22/04/2021;4
2892;41;0;22/04/2021;4
3029;40;0;22/04/2021;4
3166;39;1;22/04/2021;4
3303;38;1;22/04/2021;4
3440;37;0;22/04/2021;4
3578;36;1;22/04/2021;4
3716;35;0;22/04/2021;4
147;61;0;22/04/2021;5
284;60;0;22/04/2021;5
421;59;0;22/04/2021;5
558;58;0;22/04/2021;5
695;57;0;22/04/2021;5
832;56;0;22/04/2021;5
969;55;0;22/04/2021;5
1106;54;1;22/04/2021;5
1243;53;0;22/04/2021;5
1380;52;0;22/04/2021;5
1517;51;0;22/04/2021;5
1654;50;0;22/04/2021;5
1791;49;1;22/04/2021;5
1928;48;0;22/04/2021;5
2066;47;1;22/04/2021;5
2203;46;0;22/04/2021;5
2343;45;1;22/04/2021;5
2480;44;1;22/04/2021;5
2617;43;1;22/04/2021;5
2754;42;1;22/04/2021;5
2891;41;0;22/04/2021;5
3028;40;0;22/04/2021;5
3165;39;0;22/04/2021;5
3302;38;1;22/04/2021;5
3439;37;0;22/04/2021;5
3577;36;1;22/04/2021;5
3715;35;0;22/04/2021;5
146;61;0;22/04/2021;6
283;60;0;22/04/2021;6
420;59;0;22/04/2021;6
557;58;0;22/04/2021;6
694;57;0;22/04/2021;6
831;56;0;22/04/2021;6
968;55;0;22/04/2021;6
1105;54;0;22/04/2021;6
1242;53;0;22/04/2021;6
1379;52;0;22/04/2021;6
1516;51;0;22/04/2021;6
1653;50;0;22/04/2021;6
1790;49;0;22/04/2021;6
1927;48;0;22/04/2021;6
2065;47;0;22/04/2021;6
2202;46;0;22/04/2021;6
2342;45;0;22/04/2021;6
2479;44;0;22/04/2021;6
2616;43;0;22/04/2021;6
2753;42;0;22/04/2021;6
2890;41;0;22/04/2021;6
3027;40;0;22/04/2021;6
3164;39;0;22/04/2021;6
3301;38;1;22/04/2021;6
3438;37;0;22/04/2021;6
3576;36;1;22/04/2021;6
3714;35;0;22/04/2021;6
12;62;1;28/09/2022;7
145;61;0;22/04/2021;10
282;60;0;22/04/2021;10
419;59;0;22/04/2021;10
556;58;0;22/04/2021;10
693;57;0;22/04/2021;10
830;56;0;22/04/2021;10
967;55;0;22/04/2021;10
1104;54;0;22/04/2021;10
1241;53;0;22/04/2021;10
1378;52;0;22/04/2021;10
1515;51;0;22/04/2021;10
1652;50;0;22/04/2021;10
1789;49;0;22/04/2021;10
1926;48;0;22/04/2021;10
2064;47;0;22/04/2021;10
2201;46;0;22/04/2021;10
2341;45;0;22/04/2021;10
2478;44;0;22/04/2021;10
2615;43;0;22/04/2021;10
2752;42;0;22/04/2021;10
2889;41;0;22/04/2021;10
3026;40;0;22/04/2021;10
3163;39;0;22/04/2021;10
3300;38;1;22/04/2021;10
3437;37;0;22/04/2021;10
3575;36;1;22/04/2021;10
3713;35;0;22/04/2021;10
9;63;1;15/06/2022;12
144;61;0;22/04/2021;12
281;60;0;22/04/2021;12
418;59;0;22/04/2021;12
555;58;0;22/04/2021;12
692;57;0;22/04/2021;12
829;56;0;22/04/2021;12
966;55;0;22/04/2021;12
1103;54;1;22/04/2021;12
1240;53;0;22/04/2021;12
1377;52;0;22/04/2021;12
1514;51;0;22/04/2021;12
1651;50;1;22/04/2021;12
1788;49;1;22/04/2021;12
1925;48;0;22/04/2021;12
2063;47;0;22/04/2021;12
2200;46;0;22/04/2021;12
2340;45;0;22/04/2021;12
2477;44;0;22/04/2021;12
2614;43;0;22/04/2021;12
2751;42;1;22/04/2021;12
2888;41;1;22/04/2021;12
3025;40;1;22/04/2021;12
3162;39;1;22/04/2021;12
3299;38;1;22/04/2021;12
3436;37;0;22/04/2021;12
3574;36;1;22/04/2021;12
3712;35;0;22/04/2021;12
143;61;0;22/04/2021;13
280;60;0;22/04/2021;13
417;59;0;22/04/2021;13
554;58;0;22/04/2021;13
691;57;0;22/04/2021;13
828;56;0;22/04/2021;13
965;55;0;22/04/2021;13
1102;54;1;22/04/2021;13
1239;53;0;22/04/2021;13
1376;52;0;22/04/2021;13
1513;51;0;22/04/2021;13
1650;50;0;22/04/2021;13
1787;49;0;22/04/2021;13
1924;48;0;22/04/2021;13
2062;47;0;22/04/2021;13
2199;46;0;22/04/2021;13
2339;45;0;22/04/2021;13
2476;44;0;22/04/2021;13
2613;43;0;22/04/2021;13
2750;42;0;22/04/2021;13
2887;41;0;22/04/2021;13
3024;40;0;22/04/2021;13
3161;39;0;22/04/2021;13
3298;38;1;22/04/2021;13
3435;37;0;22/04/2021;13
3573;36;1;22/04/2021;13
3711;35;0;22/04/2021;13
142;61;0;22/04/2021;19
279;60;0;22/04/2021;19
416;59;0;22/04/2021;19
553;58;0;22/04/2021;19
690;57;0;22/04/2021;19
827;56;0;22/04/2021;19
964;55;0;22/04/2021;19
1101;54;0;22/04/2021;19
1238;53;0;22/04/2021;19
1375;52;0;22/04/2021;19
1512;51;0;22/04/2021;19
1649;50;0;22/04/2021;19
1786;49;0;22/04/2021;19
1923;48;0;22/04/2021;19
2061;47;0;22/04/2021;19
2198;46;0;22/04/2021;19
2338;45;0;22/04/2021;19
2475;44;0;22/04/2021;19
2612;43;0;22/04/2021;19
2749;42;0;22/04/2021;19
2886;41;0;22/04/2021;19
3023;40;0;22/04/2021;19
3160;39;0;22/04/2021;19
3297;38;1;22/04/2021;19
3434;37;0;22/04/2021;19
3572;36;1;22/04/2021;19
3710;35;0;22/04/2021;19
141;61;0;22/04/2021;20
278;60;0;22/04/2021;20
415;59;0;22/04/2021;20
552;58;0;22/04/2021;20
689;57;0;22/04/2021;20
826;56;0;22/04/2021;20
963;55;0;22/04/2021;20
1100;54;0;22/04/2021;20
1237;53;0;22/04/2021;20
1374;52;0;22/04/2021;20
1511;51;0;22/04/2021;20
1648;50;0;22/04/2021;20
1785;49;1;22/04/2021;20
1922;48;0;22/04/2021;20
2060;47;0;22/04/2021;20
2197;46;0;22/04/2021;20
2337;45;0;22/04/2021;20
2474;44;0;22/04/2021;20
2611;43;0;22/04/2021;20
2748;42;0;22/04/2021;20
2885;41;0;22/04/2021;20
3022;40;0;22/04/2021;20
3159;39;0;22/04/2021;20
3296;38;1;22/04/2021;20
3433;37;0;22/04/2021;20
3571;36;1;22/04/2021;20
3709;35;0;22/04/2021;20
140;61;0;22/04/2021;26
277;60;0;22/04/2021;26
414;59;0;22/04/2021;26
551;58;0;22/04/2021;26
688;57;0;22/04/2021;26
825;56;0;22/04/2021;26
962;55;0;22/04/2021;26
1099;54;0;22/04/2021;26
1236;53;0;22/04/2021;26
1373;52;0;22/04/2021;26
1510;51;0;22/04/2021;26
1647;50;0;22/04/2021;26
1784;49;0;22/04/2021;26
1921;48;0;22/04/2021;26
2059;47;0;22/04/2021;26
2196;46;0;22/04/2021;26
2336;45;0;22/04/2021;26
2473;44;0;22/04/2021;26
2610;43;0;22/04/2021;26
2747;42;0;22/04/2021;26
2884;41;0;22/04/2021;26
3021;40;0;22/04/2021;26
3158;39;0;22/04/2021;26
3295;38;1;22/04/2021;26
3432;37;0;22/04/2021;26
3570;36;1;22/04/2021;26
3708;35;0;22/04/2021;26
139;61;0;22/04/2021;28
276;60;0;22/04/2021;28
413;59;0;22/04/2021;28
550;58;0;22/04/2021;28
687;57;0;22/04/2021;28
824;56;0;22/04/2021;28
961;55;0;22/04/2021;28
1098;54;1;22/04/2021;28
1235;53;0;22/04/2021;28
1372;52;0;22/04/2021;28
1509;51;0;22/04/2021;28
1646;50;0;22/04/2021;28
1783;49;0;22/04/2021;28
1920;48;0;22/04/2021;28
2058;47;0;22/04/2021;28
2195;46;0;22/04/2021;28
2335;45;0;22/04/2021;28
2472;44;0;22/04/2021;28
2609;43;0;22/04/2021;28
2746;42;0;22/04/2021;28
2883;41;0;22/04/2021;28
3020;40;0;22/04/2021;28
3157;39;0;22/04/2021;28
3294;38;0;22/04/2021;28
3431;37;0;22/04/2021;28
3569;36;1;22/04/2021;28
3707;35;0;22/04/2021;28
6;64;1;07/04/2023;31
8;63;1;06/04/2023;31
138;61;1;22/04/2021;31
275;60;0;22/04/2021;31
412;59;0;22/04/2021;31
549;58;0;22/04/2021;31
686;57;0;22/04/2021;31
823;56;0;22/04/2021;31
960;55;0;22/04/2021;31
1097;54;1;22/04/2021;31
1234;53;0;22/04/2021;31
1371;52;1;06/04/2023;31
1508;51;0;22/04/2021;31
1645;50;0;22/04/2021;31
1782;49;1;22/04/2021;31
1919;48;0;22/04/2021;31
2057;47;0;22/04/2021;31
2194;46;0;22/04/2021;31
2334;45;0;22/04/2021;31
2471;44;0;22/04/2021;31
2608;43;0;22/04/2021;31
2745;42;0;22/04/2021;31
2882;41;0;22/04/2021;31
3019;40;0;22/04/2021;31
3156;39;0;22/04/2021;31
3293;38;1;22/04/2021;31
3430;37;0;22/04/2021;31
3568;36;1;22/04/2021;31
3706;35;0;22/04/2021;31
137;61;0;22/04/2021;32
274;60;0;22/04/2021;32
411;59;0;22/04/2021;32
548;58;0;22/04/2021;32
685;57;0;22/04/2021;32
822;56;0;22/04/2021;32
959;55;0;22/04/2021;32
1096;54;1;22/04/2021;32
1233;53;0;22/04/2021;32
1370;52;0;22/04/2021;32
1507;51;0;22/04/2021;32
1644;50;0;22/04/2021;32
1781;49;0;22/04/2021;32
1918;48;0;22/04/2021;32
2056;47;0;22/04/2021;32
2193;46;0;22/04/2021;32
2333;45;0;22/04/2021;32
2470;44;0;22/04/2021;32
2607;43;0;22/04/2021;32
2744;42;0;22/04/2021;32
2881;41;0;22/04/2021;32
3018;40;0;22/04/2021;32
3155;39;0;22/04/2021;32
3292;38;1;22/04/2021;32
3429;37;0;22/04/2021;32
3567;36;1;22/04/2021;32
3705;35;0;22/04/2021;32
136;61;0;22/04/2021;33
273;60;0;22/04/2021;33
410;59;0;22/04/2021;33
547;58;0;22/04/2021;33
684;57;0;22/04/2021;33
821;56;0;22/04/2021;33
958;55;0;22/04/2021;33
1095;54;1;22/04/2021;33
1232;53;0;22/04/2021;33
1369;52;0;22/04/2021;33
1506;51;0;22/04/2021;33
1643;50;0;22/04/2021;33
1780;49;0;22/04/2021;33
1917;48;0;22/04/2021;33
2055;47;0;22/04/2021;33
2192;46;0;22/04/2021;33
2332;45;0;22/04/2021;33
2469;44;0;22/04/2021;33
2606;43;0;22/04/2021;33
2743;42;0;22/04/2021;33
2880;41;0;22/04/2021;33
3017;40;0;22/04/2021;33
3154;39;0;22/04/2021;33
3291;38;1;22/04/2021;33
3428;37;0;22/04/2021;33
3566;36;1;22/04/2021;33
3704;35;0;22/04/2021;33
11;62;1;28/09/2022;38
135;61;0;22/04/2021;39
272;60;0;22/04/2021;39
409;59;0;22/04/2021;39
546;58;0;22/04/2021;39
683;57;0;22/04/2021;39
820;56;0;22/04/2021;39
957;55;0;22/04/2021;39
1094;54;1;22/04/2021;39
1231;53;0;22/04/2021;39
1368;52;0;22/04/2021;39
1505;51;0;22/04/2021;39
1642;50;1;22/04/2021;39
1779;49;1;22/04/2021;39
1916;48;0;22/04/2021;39
2054;47;0;22/04/2021;39
2191;46;0;22/04/2021;39
2331;45;0;22/04/2021;39
2468;44;0;22/04/2021;39
2605;43;0;22/04/2021;39
2742;42;1;22/04/2021;39
2879;41;1;22/04/2021;39
3016;40;1;22/04/2021;39
3153;39;1;22/04/2021;39
3290;38;1;22/04/2021;39
3427;37;0;22/04/2021;39
3565;36;1;22/04/2021;39
3703;35;0;22/04/2021;39
134;61;0;22/04/2021;40
271;60;0;22/04/2021;40
408;59;0;22/04/2021;40
545;58;0;22/04/2021;40
682;57;0;22/04/2021;40
819;56;0;22/04/2021;40
956;55;0;22/04/2021;40
1093;54;1;22/04/2021;40
1230;53;0;22/04/2021;40
1367;52;0;22/04/2021;40
1504;51;0;22/04/2021;40
1641;50;0;22/04/2021;40
1778;49;0;22/04/2021;40
1915;48;0;22/04/2021;40
2053;47;0;22/04/2021;40
2190;46;0;22/04/2021;40
2330;45;0;22/04/2021;40
2467;44;0;22/04/2021;40
2604;43;0;22/04/2021;40
2741;42;0;22/04/2021;40
2878;41;0;22/04/2021;40
3015;40;0;22/04/2021;40
3152;39;0;22/04/2021;40
3289;38;1;22/04/2021;40
3426;37;0;22/04/2021;40
3564;36;1;22/04/2021;40
3702;35;0;22/04/2021;40
133;61;0;22/04/2021;48
270;60;0;22/04/2021;48
407;59;0;22/04/2021;48
544;58;0;22/04/2021;48
681;57;0;22/04/2021;48
818;56;0;22/04/2021;48
955;55;0;22/04/2021;48
1092;54;0;22/04/2021;48
1229;53;0;22/04/2021;48
1366;52;0;22/04/2021;48
1503;51;0;22/04/2021;48
1640;50;0;22/04/2021;48
1777;49;0;22/04/2021;48
1914;48;0;22/04/2021;48
2052;47;0;22/04/2021;48
2189;46;0;22/04/2021;48
2329;45;0;22/04/2021;48
2466;44;0;22/04/2021;48
2603;43;0;22/04/2021;48
2740;42;0;22/04/2021;48
2877;41;0;22/04/2021;48
3014;40;0;22/04/2021;48
3151;39;0;22/04/2021;48
3288;38;1;22/04/2021;48
3425;37;0;22/04/2021;48
3563;36;1;22/04/2021;48
3701;35;0;22/04/2021;48
132;61;0;22/04/2021;49
269;60;0;22/04/2021;49
406;59;0;22/04/2021;49
543;58;0;22/04/2021;49
680;57;0;22/04/2021;49
817;56;0;22/04/2021;49
954;55;0;22/04/2021;49
1091;54;1;22/04/2021;49
1228;53;0;22/04/2021;49
1365;52;0;22/04/2021;49
1502;51;0;22/04/2021;49
1639;50;0;22/04/2021;49
1776;49;0;22/04/2021;49
1913;48;0;22/04/2021;49
2051;47;0;22/04/2021;49
2188;46;0;22/04/2021;49
2328;45;0;22/04/2021;49
2465;44;0;22/04/2021;49
2602;43;0;22/04/2021;49
2739;42;0;22/04/2021;49
2876;41;0;22/04/2021;49
3013;40;0;22/04/2021;49
3150;39;0;22/04/2021;49
3287;38;1;22/04/2021;49
3424;37;0;22/04/2021;49
3562;36;1;22/04/2021;49
3700;35;1;22/04/2021;49
131;61;0;22/04/2021;54
268;60;0;22/04/2021;54
405;59;0;22/04/2021;54
542;58;0;22/04/2021;54
679;57;0;22/04/2021;54
816;56;0;22/04/2021;54
953;55;0;22/04/2021;54
1090;54;0;22/04/2021;54
1227;53;0;22/04/2021;54
1364;52;0;22/04/2021;54
1501;51;0;22/04/2021;54
1638;50;0;22/04/2021;54
1775;49;0;22/04/2021;54
1912;48;0;22/04/2021;54
2050;47;1;22/04/2021;54
2187;46;0;22/04/2021;54
2327;45;1;22/04/2021;54
2464;44;1;22/04/2021;54
2601;43;1;22/04/2021;54
2738;42;0;22/04/2021;54
2875;41;0;22/04/2021;54
3012;40;0;22/04/2021;54
3149;39;0;22/04/2021;54
3286;38;1;22/04/2021;54
3423;37;0;22/04/2021;54
3561;36;1;22/04/2021;54
3699;35;0;22/04/2021;54
130;61;0;22/04/2021;58
267;60;0;22/04/2021;58
404;59;0;22/04/2021;58
541;58;0;22/04/2021;58
678;57;0;22/04/2021;58
815;56;0;22/04/2021;58
952;55;0;22/04/2021;58
1089;54;0;22/04/2021;58
1226;53;0;22/04/2021;58
1363;52;0;22/04/2021;58
1500;51;0;22/04/2021;58
1637;50;0;22/04/2021;58
1774;49;0;22/04/2021;58
1911;48;0;22/04/2021;58
2049;47;0;22/04/2021;58
2186;46;0;22/04/2021;58
2326;45;0;22/04/2021;58
2463;44;0;22/04/2021;58
2600;43;0;22/04/2021;58
2737;42;0;22/04/2021;58
2874;41;0;22/04/2021;58
3011;40;0;22/04/2021;58
3148;39;0;22/04/2021;58
3285;38;1;22/04/2021;58
3422;37;0;22/04/2021;58
3560;36;1;22/04/2021;58
3698;35;0;22/04/2021;58
129;61;0;22/04/2021;66
266;60;0;22/04/2021;66
403;59;0;22/04/2021;66
540;58;0;22/04/2021;66
677;57;0;22/04/2021;66
814;56;0;22/04/2021;66
951;55;0;22/04/2021;66
1088;54;0;22/04/2021;66
1225;53;0;22/04/2021;66
1362;52;0;22/04/2021;66
1499;51;0;22/04/2021;66
1636;50;0;22/04/2021;66
1773;49;0;22/04/2021;66
1910;48;0;22/04/2021;66
2048;47;0;22/04/2021;66
2185;46;0;22/04/2021;66
2325;45;0;22/04/2021;66
2462;44;0;22/04/2021;66
2599;43;0;22/04/2021;66
2736;42;0;22/04/2021;66
2873;41;0;22/04/2021;66
3010;40;0;22/04/2021;66
3147;39;0;22/04/2021;66
3284;38;1;22/04/2021;66
3421;37;0;22/04/2021;66
3559;36;1;22/04/2021;66
3697;35;0;22/04/2021;66
128;61;0;22/04/2021;68
265;60;0;22/04/2021;68
402;59;0;22/04/2021;68
539;58;0;22/04/2021;68
676;57;0;22/04/2021;68
813;56;0;22/04/2021;68
950;55;0;22/04/2021;68
1087;54;0;22/04/2021;68
1224;53;0;22/04/2021;68
1361;52;0;22/04/2021;68
1498;51;0;22/04/2021;68
1635;50;0;22/04/2021;68
1772;49;0;22/04/2021;68
1909;48;0;22/04/2021;68
2047;47;0;22/04/2021;68
2184;46;0;22/04/2021;68
2324;45;0;22/04/2021;68
2461;44;0;22/04/2021;68
2598;43;0;22/04/2021;68
2735;42;0;22/04/2021;68
2872;41;0;22/04/2021;68
3009;40;0;22/04/2021;68
3146;39;0;22/04/2021;68
3283;38;1;22/04/2021;68
3420;37;0;22/04/2021;68
3558;36;1;22/04/2021;68
3696;35;0;22/04/2021;68
127;61;0;22/04/2021;73
264;60;0;22/04/2021;73
401;59;0;22/04/2021;73
538;58;0;22/04/2021;73
675;57;0;22/04/2021;73
812;56;0;22/04/2021;73
949;55;0;22/04/2021;73
1086;54;1;22/04/2021;73
1223;53;0;22/04/2021;73
1360;52;1;22/04/2021;73
1497;51;0;22/04/2021;73
1634;50;0;22/04/2021;73
1771;49;0;22/04/2021;73
1908;48;0;22/04/2021;73
2046;47;0;22/04/2021;73
2183;46;0;22/04/2021;73
2323;45;0;22/04/2021;73
2460;44;0;22/04/2021;73
2597;43;0;22/04/2021;73
2734;42;0;22/04/2021;73
2871;41;0;22/04/2021;73
3008;40;0;22/04/2021;73
3145;39;0;22/04/2021;73
3282;38;1;22/04/2021;73
3419;37;0;22/04/2021;73
3557;36;1;22/04/2021;73
3695;35;0;22/04/2021;73
126;61;0;22/04/2021;78
263;60;0;22/04/2021;78
400;59;0;22/04/2021;78
537;58;0;22/04/2021;78
674;57;0;22/04/2021;78
811;56;0;22/04/2021;78
948;55;0;22/04/2021;78
1085;54;0;22/04/2021;78
1222;53;0;22/04/2021;78
1359;52;0;22/04/2021;78
1496;51;0;22/04/2021;78
1633;50;0;22/04/2021;78
1770;49;0;22/04/2021;78
1907;48;0;22/04/2021;78
2045;47;0;22/04/2021;78
2182;46;0;22/04/2021;78
2322;45;0;22/04/2021;78
2459;44;0;22/04/2021;78
2596;43;0;22/04/2021;78
2733;42;0;22/04/2021;78
2870;41;0;22/04/2021;78
3007;40;0;22/04/2021;78
3144;39;0;22/04/2021;78
3281;38;1;22/04/2021;78
3418;37;0;22/04/2021;78
3556;36;1;22/04/2021;78
3694;35;0;22/04/2021;78
125;61;0;22/04/2021;80
262;60;0;22/04/2021;80
399;59;0;22/04/2021;80
536;58;0;22/04/2021;80
673;57;0;22/04/2021;80
810;56;0;22/04/2021;80
947;55;0;22/04/2021;80
1084;54;0;22/04/2021;80
1221;53;0;22/04/2021;80
1358;52;0;22/04/2021;80
1495;51;0;22/04/2021;80
1632;50;0;22/04/2021;80
1769;49;0;22/04/2021;80
1906;48;0;22/04/2021;80
2044;47;0;22/04/2021;80
2181;46;0;22/04/2021;80
2321;45;0;22/04/2021;80
2458;44;0;22/04/2021;80
2595;43;0;22/04/2021;80
2732;42;0;22/04/2021;80
2869;41;0;22/04/2021;80
3006;40;0;22/04/2021;80
3143;39;0;22/04/2021;80
3280;38;1;22/04/2021;80
3417;37;0;22/04/2021;80
3555;36;1;22/04/2021;80
3693;35;0;22/04/2021;80
124;61;0;22/04/2021;84
261;60;0;22/04/2021;84
398;59;0;22/04/2021;84
535;58;0;22/04/2021;84
672;57;0;22/04/2021;84
809;56;0;22/04/2021;84
946;55;0;22/04/2021;84
1083;54;1;22/04/2021;84
1220;53;0;22/04/2021;84
1357;52;0;22/04/2021;84
1494;51;0;22/04/2021;84
1631;50;1;22/04/2021;84
1768;49;1;22/04/2021;84
1905;48;0;22/04/2021;84
2043;47;0;22/04/2021;84
2180;46;0;22/04/2021;84
2320;45;0;22/04/2021;84
2457;44;0;22/04/2021;84
2594;43;0;22/04/2021;84
2731;42;1;22/04/2021;84
2868;41;1;22/04/2021;84
3005;40;1;22/04/2021;84
3142;39;1;22/04/2021;84
3279;38;1;22/04/2021;84
3416;37;0;22/04/2021;84
3554;36;1;22/04/2021;84
3692;35;0;22/04/2021;84
123;61;0;22/04/2021;85
260;60;0;22/04/2021;85
397;59;0;22/04/2021;85
534;58;0;22/04/2021;85
671;57;0;22/04/2021;85
808;56;0;22/04/2021;85
945;55;0;22/04/2021;85
1082;54;1;22/04/2021;85
1219;53;0;22/04/2021;85
1356;52;0;22/04/2021;85
1493;51;0;22/04/2021;85
1630;50;1;22/04/2021;85
1767;49;1;22/04/2021;85
1904;48;0;22/04/2021;85
2042;47;0;22/04/2021;85
2179;46;0;22/04/2021;85
2319;45;0;22/04/2021;85
2456;44;0;22/04/2021;85
2593;43;0;22/04/2021;85
2730;42;1;22/04/2021;85
2867;41;1;22/04/2021;85
3004;40;1;22/04/2021;85
3141;39;1;22/04/2021;85
3278;38;1;22/04/2021;85
3415;37;0;22/04/2021;85
3553;36;1;22/04/2021;85
3691;35;0;22/04/2021;85
122;61;0;22/04/2021;87
259;60;0;22/04/2021;87
396;59;0;22/04/2021;87
533;58;0;22/04/2021;87
670;57;0;22/04/2021;87
807;56;0;22/04/2021;87
944;55;0;22/04/2021;87
1081;54;0;22/04/2021;87
1218;53;0;22/04/2021;87
1355;52;0;22/04/2021;87
1492;51;0;22/04/2021;87
1629;50;0;22/04/2021;87
1766;49;0;22/04/2021;87
1903;48;0;22/04/2021;87
2041;47;0;22/04/2021;87
2178;46;0;22/04/2021;87
2318;45;0;22/04/2021;87
2455;44;0;22/04/2021;87
2592;43;0;22/04/2021;87
2729;42;0;22/04/2021;87
2866;41;0;22/04/2021;87
3003;40;0;22/04/2021;87
3140;39;0;22/04/2021;87
3277;38;1;22/04/2021;87
3414;37;0;22/04/2021;87
3552;36;1;22/04/2021;87
3690;35;0;22/04/2021;87
121;61;0;22/04/2021;91
258;60;0;22/04/2021;91
395;59;0;22/04/2021;91
532;58;0;22/04/2021;91
669;57;0;22/04/2021;91
806;56;0;22/04/2021;91
943;55;0;22/04/2021;91
1080;54;0;22/04/2021;91
1217;53;0;22/04/2021;91
1354;52;0;22/04/2021;91
1491;51;0;22/04/2021;91
1628;50;0;22/04/2021;91
1765;49;0;22/04/2021;91
1902;48;0;22/04/2021;91
2040;47;0;22/04/2021;91
2177;46;0;22/04/2021;91
2317;45;0;22/04/2021;91
2454;44;0;22/04/2021;91
2591;43;0;22/04/2021;91
2728;42;0;22/04/2021;91
2865;41;0;22/04/2021;91
3002;40;0;22/04/2021;91
3139;39;0;22/04/2021;91
3276;38;1;22/04/2021;91
3413;37;0;22/04/2021;91
3551;36;1;22/04/2021;91
3689;35;0;22/04/2021;91
120;61;0;22/04/2021;92
257;60;0;22/04/2021;92
394;59;0;22/04/2021;92
531;58;0;22/04/2021;92
668;57;0;22/04/2021;92
805;56;0;22/04/2021;92
942;55;0;22/04/2021;92
1079;54;0;22/04/2021;92
1216;53;0;22/04/2021;92
1353;52;0;22/04/2021;92
1490;51;0;22/04/2021;92
1627;50;0;22/04/2021;92
1764;49;1;22/04/2021;92
1901;48;0;22/04/2021;92
2039;47;0;22/04/2021;92
2176;46;0;22/04/2021;92
2316;45;0;22/04/2021;92
2453;44;0;22/04/2021;92
2590;43;0;22/04/2021;92
2727;42;0;22/04/2021;92
2864;41;0;22/04/2021;92
3001;40;0;22/04/2021;92
3138;39;0;22/04/2021;92
3275;38;1;22/04/2021;92
3412;37;0;22/04/2021;92
3550;36;1;22/04/2021;92
3688;35;0;22/04/2021;92
10;62;1;28/09/2022;94
119;61;0;22/04/2021;94
256;60;0;22/04/2021;94
393;59;0;22/04/2021;94
530;58;0;22/04/2021;94
667;57;0;22/04/2021;94
804;56;0;22/04/2021;94
941;55;0;22/04/2021;94
1078;54;1;22/04/2021;94
1215;53;0;22/04/2021;94
1352;52;0;22/04/2021;94
1489;51;0;22/04/2021;94
1626;50;1;22/04/2021;94
1763;49;1;22/04/2021;94
1900;48;0;22/04/2021;94
2038;47;0;22/04/2021;94
2175;46;0;22/04/2021;94
2315;45;0;22/04/2021;94
2452;44;0;22/04/2021;94
2589;43;0;22/04/2021;94
2726;42;1;22/04/2021;94
2863;41;1;22/04/2021;94
3000;40;1;22/04/2021;94
3137;39;1;22/04/2021;94
3274;38;1;22/04/2021;94
3411;37;0;22/04/2021;94
3549;36;1;22/04/2021;94
3687;35;0;22/04/2021;94
118;61;0;22/04/2021;96
255;60;0;22/04/2021;96
392;59;0;22/04/2021;96
529;58;0;22/04/2021;96
666;57;0;22/04/2021;96
803;56;0;22/04/2021;96
940;55;0;22/04/2021;96
1077;54;0;22/04/2021;96
1214;53;0;22/04/2021;96
1351;52;0;22/04/2021;96
1488;51;0;22/04/2021;96
1625;50;0;22/04/2021;96
1762;49;0;22/04/2021;96
1899;48;0;22/04/2021;96
2037;47;0;22/04/2021;96
2174;46;0;22/04/2021;96
2314;45;0;22/04/2021;96
2451;44;0;22/04/2021;96
2588;43;0;22/04/2021;96
2725;42;0;22/04/2021;96
2862;41;0;22/04/2021;96
2999;40;1;22/04/2021;96
3136;39;0;22/04/2021;96
3273;38;1;22/04/2021;96
3410;37;0;22/04/2021;96
3548;36;1;22/04/2021;96
3686;35;0;22/04/2021;96
117;61;0;22/04/2021;102
254;60;0;22/04/2021;102
391;59;0;22/04/2021;102
528;58;0;22/04/2021;102
665;57;0;22/04/2021;102
802;56;0;22/04/2021;102
939;55;0;22/04/2021;102
1076;54;0;22/04/2021;102
1213;53;0;22/04/2021;102
1350;52;0;22/04/2021;102
1487;51;0;22/04/2021;102
1624;50;0;22/04/2021;102
1761;49;0;22/04/2021;102
1898;48;0;22/04/2021;102
2036;47;0;22/04/2021;102
2173;46;0;22/04/2021;102
2313;45;0;22/04/2021;102
2450;44;0;22/04/2021;102
2587;43;0;22/04/2021;102
2724;42;0;22/04/2021;102
2861;41;0;22/04/2021;102
2998;40;0;22/04/2021;102
3135;39;0;22/04/2021;102
3272;38;1;22/04/2021;102
3409;37;0;22/04/2021;102
3547;36;1;22/04/2021;102
3685;35;0;22/04/2021;102
116;61;0;22/04/2021;104
253;60;0;22/04/2021;104
390;59;0;22/04/2021;104
527;58;0;22/04/2021;104
664;57;0;22/04/2021;104
801;56;0;22/04/2021;104
938;55;0;22/04/2021;104
1075;54;1;22/04/2021;104
1212;53;0;22/04/2021;104
1349;52;0;22/04/2021;104
1486;51;0;22/04/2021;104
1623;50;0;22/04/2021;104
1760;49;1;07/04/2023;104
1897;48;0;22/04/2021;104
2035;47;1;22/04/2021;104
2172;46;0;22/04/2021;104
2312;45;0;07/04/2023;104
2449;44;1;22/04/2021;104
2586;43;0;07/04/2023;104
2723;42;0;22/04/2021;104
2860;41;0;22/04/2021;104
2997;40;0;22/04/2021;104
3134;39;0;22/04/2021;104
3271;38;1;22/04/2021;104
3408;37;0;22/04/2021;104
3546;36;1;22/04/2021;104
3684;35;0;22/04/2021;104
115;61;0;22/04/2021;105
252;60;1;22/04/2021;105
389;59;0;22/04/2021;105
526;58;0;22/04/2021;105
663;57;0;22/04/2021;105
800;56;0;22/04/2021;105
937;55;0;22/04/2021;105
1074;54;1;22/04/2021;105
1211;53;0;22/04/2021;105
1348;52;1;22/04/2021;105
1485;51;0;22/04/2021;105
1622;50;0;22/04/2021;105
1759;49;1;22/04/2021;105
1896;48;0;22/04/2021;105
2034;47;0;22/04/2021;105
2171;46;0;22/04/2021;105
2311;45;0;22/04/2021;105
2448;44;0;22/04/2021;105
2585;43;0;22/04/2021;105
2722;42;0;22/04/2021;105
2859;41;0;22/04/2021;105
2996;40;0;22/04/2021;105
3133;39;0;22/04/2021;105
3270;38;1;22/04/2021;105
3407;37;0;22/04/2021;105
3545;36;1;22/04/2021;105
3683;35;0;22/04/2021;105
5;65;1;15/06/2022;107
114;61;0;22/04/2021;107
251;60;0;22/04/2021;107
388;59;0;22/04/2021;107
525;58;0;22/04/2021;107
662;57;0;22/04/2021;107
799;56;0;22/04/2021;107
936;55;0;22/04/2021;107
1073;54;0;22/04/2021;107
1210;53;0;22/04/2021;107
1347;52;0;22/04/2021;107
1484;51;0;22/04/2021;107
1621;50;0;22/04/2021;107
1758;49;0;22/04/2021;107
1895;48;0;22/04/2021;107
2033;47;0;22/04/2021;107
2170;46;0;22/04/2021;107
2310;45;0;22/04/2021;107
2447;44;0;22/04/2021;107
2584;43;0;22/04/2021;107
2721;42;0;22/04/2021;107
2858;41;0;22/04/2021;107
2995;40;0;22/04/2021;107
3132;39;0;22/04/2021;107
3269;38;1;22/04/2021;107
3406;37;0;22/04/2021;107
3544;36;1;22/04/2021;107
3682;35;0;22/04/2021;107
113;61;0;22/04/2021;108
250;60;0;22/04/2021;108
387;59;0;22/04/2021;108
524;58;0;22/04/2021;108
661;57;0;22/04/2021;108
798;56;0;22/04/2021;108
935;55;0;22/04/2021;108
1072;54;1;22/04/2021;108
1209;53;0;22/04/2021;108
1346;52;0;22/04/2021;108
1483;51;0;22/04/2021;108
1620;50;0;22/04/2021;108
1757;49;0;22/04/2021;108
1894;48;0;22/04/2021;108
2032;47;0;22/04/2021;108
2169;46;0;22/04/2021;108
2309;45;0;22/04/2021;108
2446;44;0;22/04/2021;108
2583;43;0;22/04/2021;108
2720;42;0;22/04/2021;108
2857;41;0;22/04/2021;108
2994;40;0;22/04/2021;108
3131;39;0;22/04/2021;108
3268;38;1;22/04/2021;108
3405;37;0;22/04/2021;108
3543;36;1;22/04/2021;108
3681;35;0;22/04/2021;108
1;66;1;13/04/2023;109
112;61;0;22/04/2021;109
249;60;0;22/04/2021;109
386;59;0;22/04/2021;109
523;58;0;22/04/2021;109
660;57;0;22/04/2021;109
797;56;0;22/04/2021;109
934;55;0;22/04/2021;109
1071;54;1;22/04/2021;109
1208;53;0;22/04/2021;109
1345;52;0;22/04/2021;109
1482;51;0;22/04/2021;109
1619;50;0;22/04/2021;109
1756;49;0;22/04/2021;109
1893;48;0;22/04/2021;109
2031;47;0;22/04/2021;109
2168;46;0;22/04/2021;109
2308;45;0;22/04/2021;109
2445;44;0;22/04/2021;109
2582;43;0;22/04/2021;109
2719;42;0;22/04/2021;109
2856;41;0;22/04/2021;109
2993;40;0;22/04/2021;109
3130;39;0;22/04/2021;109
3267;38;1;22/04/2021;109
3404;37;0;22/04/2021;109
3542;36;1;22/04/2021;109
3680;35;0;22/04/2021;109
4;65;1;15/06/2022;111
111;61;0;22/04/2021;111
248;60;0;22/04/2021;111
385;59;0;22/04/2021;111
522;58;0;22/04/2021;111
659;57;0;22/04/2021;111
796;56;0;22/04/2021;111
933;55;0;22/04/2021;111
1070;54;1;22/04/2021;111
1207;53;0;22/04/2021;111
1344;52;0;22/04/2021;111
1481;51;0;22/04/2021;111
1618;50;0;22/04/2021;111
1755;49;0;22/04/2021;111
1892;48;0;22/04/2021;111
2030;47;0;22/04/2021;111
2167;46;0;22/04/2021;111
2307;45;0;22/04/2021;111
2444;44;0;22/04/2021;111
2581;43;0;22/04/2021;111
2718;42;0;22/04/2021;111
2855;41;0;22/04/2021;111
2992;40;0;22/04/2021;111
3129;39;0;22/04/2021;111
3266;38;1;22/04/2021;111
3403;37;0;22/04/2021;111
3541;36;1;22/04/2021;111
3679;35;0;22/04/2021;111
110;61;0;22/04/2021;113
247;60;0;22/04/2021;113
384;59;0;22/04/2021;113
521;58;0;22/04/2021;113
658;57;0;22/04/2021;113
795;56;0;22/04/2021;113
932;55;0;22/04/2021;113
1069;54;0;22/04/2021;113
1206;53;0;22/04/2021;113
1343;52;0;22/04/2021;113
1480;51;0;22/04/2021;113
1617;50;0;22/04/2021;113
1754;49;0;22/04/2021;113
1891;48;0;22/04/2021;113
2029;47;0;22/04/2021;113
2166;46;0;22/04/2021;113
2306;45;0;22/04/2021;113
2443;44;0;22/04/2021;113
2580;43;0;22/04/2021;113
2717;42;0;22/04/2021;113
2854;41;0;22/04/2021;113
2991;40;0;22/04/2021;113
3128;39;0;22/04/2021;113
3265;38;1;22/04/2021;113
3402;37;0;22/04/2021;113
3540;36;1;22/04/2021;113
3678;35;0;22/04/2021;113
3;65;1;15/06/2022;114
109;61;0;22/04/2021;114
246;60;0;22/04/2021;114
383;59;0;22/04/2021;114
520;58;0;22/04/2021;114
657;57;0;22/04/2021;114
794;56;0;22/04/2021;114
931;55;0;22/04/2021;114
1068;54;1;22/04/2021;114
1205;53;0;22/04/2021;114
1342;52;1;22/04/2021;114
1479;51;0;22/04/2021;114
1616;50;0;22/04/2021;114
1753;49;1;22/04/2021;114
1890;48;0;22/04/2021;114
2028;47;0;22/04/2021;114
2165;46;0;22/04/2021;114
2305;45;0;22/04/2021;114
2442;44;0;22/04/2021;114
2579;43;0;22/04/2021;114
2716;42;0;22/04/2021;114
2853;41;0;22/04/2021;114
2990;40;0;22/04/2021;114
3127;39;0;22/04/2021;114
3264;38;1;22/04/2021;114
3401;37;0;22/04/2021;114
3539;36;1;22/04/2021;114
3677;35;0;22/04/2021;114
108;61;0;22/04/2021;117
245;60;0;22/04/2021;117
382;59;0;22/04/2021;117
519;58;0;22/04/2021;117
656;57;0;22/04/2021;117
793;56;0;22/04/2021;117
930;55;0;22/04/2021;117
1067;54;0;22/04/2021;117
1204;53;0;22/04/2021;117
1341;52;0;22/04/2021;117
1478;51;0;22/04/2021;117
1615;50;0;22/04/2021;117
1752;49;0;22/04/2021;117
1889;48;0;22/04/2021;117
2027;47;0;22/04/2021;117
2164;46;0;22/04/2021;117
2304;45;0;22/04/2021;117
2441;44;0;22/04/2021;117
2578;43;0;22/04/2021;117
2715;42;0;22/04/2021;117
2852;41;0;22/04/2021;117
2989;40;0;22/04/2021;117
3126;39;0;22/04/2021;117
3263;38;1;22/04/2021;117
3400;37;0;22/04/2021;117
3538;36;1;22/04/2021;117
3676;35;0;22/04/2021;117
107;61;0;22/04/2021;118
244;60;0;22/04/2021;118
381;59;0;22/04/2021;118
518;58;0;22/04/2021;118
655;57;0;22/04/2021;118
792;56;0;22/04/2021;118
929;55;0;22/04/2021;118
1066;54;0;22/04/2021;118
1203;53;0;22/04/2021;118
1340;52;0;22/04/2021;118
1477;51;0;22/04/2021;118
1614;50;0;22/04/2021;118
1751;49;0;22/04/2021;118
1888;48;0;22/04/2021;118
2026;47;0;22/04/2021;118
2163;46;0;22/04/2021;118
2303;45;0;22/04/2021;118
2440;44;0;22/04/2021;118
2577;43;0;22/04/2021;118
2714;42;0;22/04/2021;118
2851;41;0;22/04/2021;118
2988;40;0;22/04/2021;118
3125;39;0;22/04/2021;118
3262;38;1;22/04/2021;118
3399;37;0;22/04/2021;118
3537;36;1;22/04/2021;118
3675;35;0;22/04/2021;118
106;61;0;22/04/2021;121
243;60;0;22/04/2021;121
380;59;0;22/04/2021;121
517;58;0;22/04/2021;121
654;57;0;22/04/2021;121
791;56;0;22/04/2021;121
928;55;0;22/04/2021;121
1065;54;1;22/04/2021;121
1202;53;0;22/04/2021;121
1339;52;0;22/04/2021;121
1476;51;0;22/04/2021;121
1613;50;0;22/04/2021;121
1750;49;0;22/04/2021;121
1887;48;0;22/04/2021;121
2025;47;0;22/04/2021;121
2162;46;0;22/04/2021;121
2302;45;0;22/04/2021;121
2439;44;0;22/04/2021;121
2576;43;0;22/04/2021;121
2713;42;0;22/04/2021;121
2850;41;0;22/04/2021;121
2987;40;0;22/04/2021;121
3124;39;0;22/04/2021;121
3261;38;1;22/04/2021;121
3398;37;0;22/04/2021;121
3536;36;1;22/04/2021;121
3674;35;0;22/04/2021;121
105;61;0;22/04/2021;124
242;60;0;22/04/2021;124
379;59;0;22/04/2021;124
516;58;0;22/04/2021;124
653;57;0;22/04/2021;124
790;56;0;22/04/2021;124
927;55;0;22/04/2021;124
1064;54;1;22/04/2021;124
1201;53;0;22/04/2021;124
1338;52;0;22/04/2021;124
1475;51;0;22/04/2021;124
1612;50;0;22/04/2021;124
1749;49;0;22/04/2021;124
1886;48;0;22/04/2021;124
2024;47;0;22/04/2021;124
2161;46;0;22/04/2021;124
2301;45;0;22/04/2021;124
2438;44;0;22/04/2021;124
2575;43;0;22/04/2021;124
2712;42;0;22/04/2021;124
2849;41;0;22/04/2021;124
2986;40;0;22/04/2021;124
3123;39;0;22/04/2021;124
3260;38;1;22/04/2021;124
3397;37;0;22/04/2021;124
3535;36;1;22/04/2021;124
3673;35;0;22/04/2021;124
104;61;0;22/04/2021;126
241;60;0;22/04/2021;126
378;59;0;22/04/2021;126
515;58;0;22/04/2021;126
652;57;0;22/04/2021;126
789;56;0;22/04/2021;126
926;55;0;22/04/2021;126
1063;54;0;22/04/2021;126
1200;53;0;22/04/2021;126
1337;52;0;22/04/2021;126
1474;51;0;22/04/2021;126
1611;50;0;22/04/2021;126
1748;49;1;22/04/2021;126
1885;48;0;22/04/2021;126
2023;47;0;22/04/2021;126
2160;46;0;22/04/2021;126
2300;45;0;22/04/2021;126
2437;44;0;22/04/2021;126
2574;43;0;22/04/2021;126
2711;42;0;22/04/2021;126
2848;41;0;22/04/2021;126
2985;40;0;22/04/2021;126
3122;39;0;22/04/2021;126
3259;38;1;22/04/2021;126
3396;37;0;22/04/2021;126
3534;36;1;22/04/2021;126
3672;35;0;22/04/2021;126
103;61;0;22/04/2021;127
240;60;0;22/04/2021;127
377;59;0;22/04/2021;127
514;58;0;22/04/2021;127
651;57;0;22/04/2021;127
788;56;0;22/04/2021;127
925;55;0;22/04/2021;127
1062;54;1;22/04/2021;127
1199;53;0;22/04/2021;127
1336;52;0;22/04/2021;127
1473;51;0;22/04/2021;127
1610;50;0;22/04/2021;127
1747;49;0;22/04/2021;127
1884;48;0;22/04/2021;127
2022;47;0;22/04/2021;127
2159;46;0;22/04/2021;127
2299;45;0;22/04/2021;127
2436;44;0;22/04/2021;127
2573;43;0;22/04/2021;127
2710;42;0;22/04/2021;127
2847;41;0;22/04/2021;127
2984;40;0;22/04/2021;127
3121;39;0;22/04/2021;127
3258;38;1;22/04/2021;127
3395;37;0;22/04/2021;127
3533;36;1;22/04/2021;127
3671;35;0;22/04/2021;127
102;61;0;22/04/2021;128
239;60;0;22/04/2021;128
376;59;0;22/04/2021;128
513;58;0;22/04/2021;128
650;57;0;22/04/2021;128
787;56;0;22/04/2021;128
924;55;0;22/04/2021;128
1061;54;1;22/04/2021;128
1198;53;0;22/04/2021;128
1335;52;0;22/04/2021;128
1472;51;0;22/04/2021;128
1609;50;0;22/04/2021;128
1746;49;0;22/04/2021;128
1883;48;0;22/04/2021;128
2021;47;0;22/04/2021;128
2158;46;0;22/04/2021;128
2298;45;0;22/04/2021;128
2435;44;0;22/04/2021;128
2572;43;0;22/04/2021;128
2709;42;0;22/04/2021;128
2846;41;0;22/04/2021;128
2983;40;0;22/04/2021;128
3120;39;0;22/04/2021;128
3257;38;1;22/04/2021;128
3394;37;0;22/04/2021;128
3532;36;1;22/04/2021;128
3670;35;0;22/04/2021;128
101;61;0;22/04/2021;129
238;60;0;22/04/2021;129
375;59;0;22/04/2021;129
512;58;0;22/04/2021;129
649;57;0;22/04/2021;129
786;56;0;22/04/2021;129
923;55;0;22/04/2021;129
1060;54;1;22/04/2021;129
1197;53;0;22/04/2021;129
1334;52;0;22/04/2021;129
1471;51;0;22/04/2021;129
1608;50;0;22/04/2021;129
1745;49;1;22/04/2021;129
1882;48;0;22/04/2021;129
2020;47;0;22/04/2021;129
2157;46;0;22/04/2021;129
2297;45;0;22/04/2021;129
2434;44;0;22/04/2021;129
2571;43;0;22/04/2021;129
2708;42;0;22/04/2021;129
2845;41;0;22/04/2021;129
2982;40;0;22/04/2021;129
3119;39;0;22/04/2021;129
3256;38;1;22/04/2021;129
3393;37;0;22/04/2021;129
3531;36;1;22/04/2021;129
3669;35;0;22/04/2021;129
2;65;1;15/06/2022;132
100;61;0;22/04/2021;145
237;60;0;22/04/2021;145
374;59;0;22/04/2021;145
511;58;0;22/04/2021;145
648;57;0;22/04/2021;145
785;56;0;22/04/2021;145
922;55;0;22/04/2021;145
1059;54;0;22/04/2021;145
1196;53;0;22/04/2021;145
1333;52;0;22/04/2021;145
1470;51;0;22/04/2021;145
1607;50;0;22/04/2021;145
1744;49;1;22/04/2021;145
1881;48;0;22/04/2021;145
2019;47;0;22/04/2021;145
2156;46;0;22/04/2021;145
2296;45;0;22/04/2021;145
2433;44;0;22/04/2021;145
2570;43;0;22/04/2021;145
2707;42;0;22/04/2021;145
2844;41;0;22/04/2021;145
2981;40;0;22/04/2021;145
3118;39;0;22/04/2021;145
3255;38;1;22/04/2021;145
3392;37;0;22/04/2021;145
3530;36;1;22/04/2021;145
3668;35;0;22/04/2021;145
2018;47;1;04/10/2022;162
2295;45;1;04/10/2022;162
2294;45;1;04/10/2022;206
98;61;0;22/04/2021;211
235;60;0;22/04/2021;211
372;59;0;22/04/2021;211
509;58;0;22/04/2021;211
646;57;0;22/04/2021;211
783;56;0;22/04/2021;211
920;55;0;22/04/2021;211
1057;54;0;22/04/2021;211
1194;53;0;22/04/2021;211
1331;52;0;22/04/2021;211
1468;51;0;22/04/2021;211
1605;50;0;22/04/2021;211
1742;49;0;22/04/2021;211
1879;48;0;22/04/2021;211
2016;47;0;22/04/2021;211
2154;46;0;22/04/2021;211
2292;45;0;22/04/2021;211
2431;44;0;22/04/2021;211
2568;43;0;22/04/2021;211
2705;42;0;22/04/2021;211
2842;41;0;22/04/2021;211
2979;40;0;22/04/2021;211
3116;39;0;22/04/2021;211
3253;38;1;22/04/2021;211
3390;37;0;22/04/2021;211
3528;36;1;22/04/2021;211
3666;35;0;22/04/2021;211
97;61;0;22/04/2021;218
234;60;0;22/04/2021;218
371;59;0;22/04/2021;218
508;58;0;22/04/2021;218
645;57;0;22/04/2021;218
782;56;0;22/04/2021;218
919;55;0;22/04/2021;218
1056;54;0;22/04/2021;218
1193;53;0;22/04/2021;218
1330;52;0;22/04/2021;218
1467;51;0;22/04/2021;218
1604;50;0;22/04/2021;218
1741;49;0;22/04/2021;218
1878;48;0;22/04/2021;218
2015;47;1;22/04/2021;218
2153;46;0;22/04/2021;218
2291;45;1;22/04/2021;218
2430;44;1;22/04/2021;218
2567;43;0;22/04/2021;218
2704;42;0;22/04/2021;218
2841;41;0;22/04/2021;218
2978;40;0;22/04/2021;218
3115;39;0;22/04/2021;218
3252;38;1;22/04/2021;218
3389;37;0;22/04/2021;218
3527;36;1;22/04/2021;218
3665;35;0;22/04/2021;218
96;61;0;22/04/2021;224
233;60;0;22/04/2021;224
370;59;0;22/04/2021;224
507;58;0;22/04/2021;224
644;57;0;22/04/2021;224
781;56;0;22/04/2021;224
918;55;0;22/04/2021;224
1055;54;1;22/04/2021;224
1192;53;0;22/04/2021;224
1329;52;0;22/04/2021;224
1466;51;0;22/04/2021;224
1603;50;0;22/04/2021;224
1740;49;1;22/04/2021;224
1877;48;0;22/04/2021;224
2014;47;0;22/04/2021;224
2152;46;0;22/04/2021;224
2290;45;0;22/04/2021;224
2429;44;0;22/04/2021;224
2566;43;0;22/04/2021;224
2703;42;0;22/04/2021;224
2840;41;0;22/04/2021;224
2977;40;0;22/04/2021;224
3114;39;0;22/04/2021;224
3251;38;1;22/04/2021;224
3388;37;0;22/04/2021;224
3526;36;1;22/04/2021;224
3664;35;0;22/04/2021;224
95;61;0;22/04/2021;226
232;60;0;22/04/2021;226
369;59;0;22/04/2021;226
506;58;0;22/04/2021;226
643;57;0;22/04/2021;226
780;56;0;22/04/2021;226
917;55;0;22/04/2021;226
1054;54;1;22/04/2021;226
1191;53;0;22/04/2021;226
1328;52;0;22/04/2021;226
1465;51;0;22/04/2021;226
1602;50;0;22/04/2021;226
1739;49;0;22/04/2021;226
1876;48;0;22/04/2021;226
2013;47;0;22/04/2021;226
2151;46;0;22/04/2021;226
2289;45;0;22/04/2021;226
2428;44;0;22/04/2021;226
2565;43;0;22/04/2021;226
2702;42;0;22/04/2021;226
2839;41;0;22/04/2021;226
2976;40;0;22/04/2021;226
3113;39;0;22/04/2021;226
3250;38;1;22/04/2021;226
3387;37;0;22/04/2021;226
3525;36;1;22/04/2021;226
3663;35;0;22/04/2021;226
94;61;0;22/04/2021;227
231;60;0;22/04/2021;227
368;59;0;22/04/2021;227
505;58;0;22/04/2021;227
642;57;0;22/04/2021;227
779;56;0;22/04/2021;227
916;55;0;22/04/2021;227
1053;54;0;22/04/2021;227
1190;53;0;22/04/2021;227
1327;52;0;22/04/2021;227
1464;51;0;22/04/2021;227
1601;50;0;22/04/2021;227
1738;49;0;22/04/2021;227
1875;48;0;22/04/2021;227
2012;47;0;22/04/2021;227
2150;46;0;22/04/2021;227
2288;45;0;22/04/2021;227
2427;44;0;22/04/2021;227
2564;43;0;22/04/2021;227
2701;42;0;22/04/2021;227
2838;41;0;22/04/2021;227
2975;40;0;22/04/2021;227
3112;39;0;22/04/2021;227
3249;38;1;22/04/2021;227
3386;37;0;22/04/2021;227
3524;36;1;22/04/2021;227
3662;35;0;22/04/2021;227
93;61;0;22/04/2021;237
230;60;0;22/04/2021;237
367;59;0;22/04/2021;237
504;58;0;22/04/2021;237
641;57;0;22/04/2021;237
778;56;0;22/04/2021;237
915;55;0;22/04/2021;237
1052;54;1;22/04/2021;237
1189;53;0;22/04/2021;237
1326;52;0;22/04/2021;237
1463;51;0;22/04/2021;237
1600;50;0;22/04/2021;237
1737;49;0;22/04/2021;237
1874;48;0;22/04/2021;237
2011;47;0;22/04/2021;237
2149;46;0;22/04/2021;237
2287;45;0;22/04/2021;237
2426;44;0;22/04/2021;237
2563;43;0;22/04/2021;237
2700;42;0;22/04/2021;237
2837;41;0;22/04/2021;237
2974;40;0;22/04/2021;237
3111;39;0;22/04/2021;237
3248;38;1;22/04/2021;237
3385;37;0;22/04/2021;237
3523;36;1;22/04/2021;237
3661;35;0;22/04/2021;237
92;61;0;22/04/2021;242
229;60;0;22/04/2021;242
366;59;0;22/04/2021;242
503;58;0;22/04/2021;242
640;57;0;22/04/2021;242
777;56;0;22/04/2021;242
914;55;0;22/04/2021;242
1051;54;0;22/04/2021;242
1188;53;0;22/04/2021;242
1325;52;0;22/04/2021;242
1462;51;0;22/04/2021;242
1599;50;0;22/04/2021;242
1736;49;0;22/04/2021;242
1873;48;0;22/04/2021;242
2010;47;0;22/04/2021;242
2148;46;0;22/04/2021;242
2286;45;0;22/04/2021;242
2425;44;0;22/04/2021;242
2562;43;0;22/04/2021;242
2699;42;0;22/04/2021;242
2836;41;0;22/04/2021;242
2973;40;0;22/04/2021;242
3110;39;0;22/04/2021;242
3247;38;1;22/04/2021;242
3384;37;0;22/04/2021;242
3522;36;1;22/04/2021;242
3660;35;0;22/04/2021;242
91;61;0;22/04/2021;254
228;60;0;22/04/2021;254
365;59;0;22/04/2021;254
502;58;0;22/04/2021;254
639;57;0;22/04/2021;254
776;56;0;22/04/2021;254
913;55;0;22/04/2021;254
1050;54;0;22/04/2021;254
1187;53;0;22/04/2021;254
1324;52;0;22/04/2021;254
1461;51;0;22/04/2021;254
1598;50;0;22/04/2021;254
1735;49;0;22/04/2021;254
1872;48;1;22/04/2021;254
2009;47;1;22/04/2021;254
2147;46;0;22/04/2021;254
2285;45;1;22/04/2021;254
2424;44;1;22/04/2021;254
2561;43;1;22/04/2021;254
2698;42;0;22/04/2021;254
2835;41;0;22/04/2021;254
2972;40;0;22/04/2021;254
3109;39;0;22/04/2021;254
3246;38;1;22/04/2021;254
3383;37;0;22/04/2021;254
3521;36;1;22/04/2021;254
3659;35;0;22/04/2021;254
90;61;0;22/04/2021;259
227;60;0;22/04/2021;259
364;59;0;22/04/2021;259
501;58;0;22/04/2021;259
638;57;0;22/04/2021;259
775;56;0;22/04/2021;259
912;55;0;22/04/2021;259
1049;54;0;22/04/2021;259
1186;53;0;22/04/2021;259
1323;52;0;22/04/2021;259
1460;51;0;22/04/2021;259
1597;50;0;22/04/2021;259
1734;49;0;22/04/2021;259
1871;48;0;22/04/2021;259
2008;47;1;22/04/2021;259
2146;46;0;22/04/2021;259
2284;45;1;22/04/2021;259
2423;44;1;22/04/2021;259
2560;43;0;22/04/2021;259
2697;42;0;22/04/2021;259
2834;41;0;22/04/2021;259
2971;40;0;22/04/2021;259
3108;39;0;22/04/2021;259
3245;38;1;22/04/2021;259
3382;37;0;22/04/2021;259
3520;36;1;22/04/2021;259
3658;35;0;22/04/2021;259
89;61;0;22/04/2021;262
226;60;0;22/04/2021;262
363;59;0;22/04/2021;262
500;58;0;22/04/2021;262
637;57;0;22/04/2021;262
774;56;0;22/04/2021;262
911;55;0;22/04/2021;262
1048;54;0;22/04/2021;262
1185;53;0;22/04/2021;262
1322;52;0;22/04/2021;262
1459;51;0;22/04/2021;262
1596;50;0;22/04/2021;262
1733;49;0;22/04/2021;262
1870;48;0;22/04/2021;262
2007;47;0;22/04/2021;262
2145;46;0;22/04/2021;262
2283;45;0;22/04/2021;262
2422;44;0;22/04/2021;262
2559;43;0;22/04/2021;262
2696;42;0;22/04/2021;262
2833;41;0;22/04/2021;262
2970;40;0;22/04/2021;262
3107;39;0;22/04/2021;262
3244;38;1;22/04/2021;262
3381;37;0;22/04/2021;262
3519;36;1;22/04/2021;262
3657;35;0;22/04/2021;262
88;61;0;22/04/2021;275
225;60;0;22/04/2021;275
362;59;0;22/04/2021;275
499;58;0;22/04/2021;275
636;57;0;22/04/2021;275
773;56;0;22/04/2021;275
910;55;0;22/04/2021;275
1047;54;0;22/04/2021;275
1184;53;0;22/04/2021;275
1321;52;0;22/04/2021;275
1458;51;0;22/04/2021;275
1595;50;0;22/04/2021;275
1732;49;0;22/04/2021;275
1869;48;0;22/04/2021;275
2006;47;0;22/04/2021;275
2144;46;0;22/04/2021;275
2282;45;0;22/04/2021;275
2421;44;0;22/04/2021;275
2558;43;0;22/04/2021;275
2695;42;0;22/04/2021;275
2832;41;0;22/04/2021;275
2969;40;0;22/04/2021;275
3106;39;0;22/04/2021;275
3243;38;1;22/04/2021;275
3380;37;0;22/04/2021;275
3518;36;1;22/04/2021;275
3656;35;0;22/04/2021;275
87;61;0;22/04/2021;279
224;60;0;22/04/2021;279
361;59;0;22/04/2021;279
498;58;0;22/04/2021;279
635;57;0;22/04/2021;279
772;56;0;22/04/2021;279
909;55;0;22/04/2021;279
1046;54;1;22/04/2021;279
1183;53;0;22/04/2021;279
1320;52;0;22/04/2021;279
1457;51;0;22/04/2021;279
1594;50;0;22/04/2021;279
1731;49;1;22/04/2021;279
1868;48;0;22/04/2021;279
2005;47;0;22/04/2021;279
2143;46;0;22/04/2021;279
2281;45;0;22/04/2021;279
2420;44;0;22/04/2021;279
2557;43;0;22/04/2021;279
2694;42;0;22/04/2021;279
2831;41;0;22/04/2021;279
2968;40;0;22/04/2021;279
3105;39;0;22/04/2021;279
3242;38;1;22/04/2021;279
3379;37;0;22/04/2021;279
3517;36;1;22/04/2021;279
3655;35;0;22/04/2021;279
86;61;0;22/04/2021;281
223;60;0;22/04/2021;281
360;59;0;22/04/2021;281
497;58;0;22/04/2021;281
634;57;0;22/04/2021;281
771;56;0;22/04/2021;281
908;55;0;22/04/2021;281
1045;54;0;22/04/2021;281
1182;53;0;22/04/2021;281
1319;52;0;22/04/2021;281
1456;51;0;22/04/2021;281
1593;50;0;22/04/2021;281
1730;49;0;22/04/2021;281
1867;48;0;22/04/2021;281
2004;47;0;22/04/2021;281
2142;46;0;22/04/2021;281
2280;45;0;22/04/2021;281
2419;44;0;22/04/2021;281
2556;43;0;22/04/2021;281
2693;42;0;22/04/2021;281
2830;41;0;22/04/2021;281
2967;40;0;22/04/2021;281
3104;39;0;22/04/2021;281
3241;38;1;22/04/2021;281
3378;37;0;22/04/2021;281
3516;36;1;22/04/2021;281
3654;35;0;22/04/2021;281
85;61;0;22/04/2021;284
222;60;0;22/04/2021;284
359;59;0;22/04/2021;284
496;58;0;22/04/2021;284
633;57;0;22/04/2021;284
770;56;0;22/04/2021;284
907;55;0;22/04/2021;284
1044;54;0;22/04/2021;284
1181;53;0;22/04/2021;284
1318;52;0;22/04/2021;284
1455;51;0;22/04/2021;284
1592;50;0;22/04/2021;284
1729;49;0;22/04/2021;284
1866;48;0;22/04/2021;284
2003;47;0;22/04/2021;284
2141;46;0;22/04/2021;284
2279;45;0;22/04/2021;284
2418;44;0;22/04/2021;284
2555;43;0;22/04/2021;284
2692;42;0;22/04/2021;284
2829;41;0;22/04/2021;284
2966;40;0;22/04/2021;284
3103;39;0;22/04/2021;284
3240;38;1;22/04/2021;284
3377;37;0;22/04/2021;284
3515;36;1;22/04/2021;284
3653;35;0;22/04/2021;284
84;61;0;22/04/2021;285
221;60;0;22/04/2021;285
358;59;0;22/04/2021;285
495;58;0;22/04/2021;285
632;57;0;22/04/2021;285
769;56;0;22/04/2021;285
906;55;0;22/04/2021;285
1043;54;0;22/04/2021;285
1180;53;0;22/04/2021;285
1317;52;0;22/04/2021;285
1454;51;0;22/04/2021;285
1591;50;0;22/04/2021;285
1728;49;0;22/04/2021;285
1865;48;0;22/04/2021;285
2002;47;0;22/04/2021;285
2140;46;0;22/04/2021;285
2278;45;0;22/04/2021;285
2417;44;0;22/04/2021;285
2554;43;0;22/04/2021;285
2691;42;0;22/04/2021;285
2828;41;0;22/04/2021;285
2965;40;0;22/04/2021;285
3102;39;0;22/04/2021;285
3239;38;1;22/04/2021;285
3376;37;0;22/04/2021;285
3514;36;1;22/04/2021;285
3652;35;0;22/04/2021;285
83;61;0;22/04/2021;301
220;60;0;22/04/2021;301
357;59;0;22/04/2021;301
494;58;0;22/04/2021;301
631;57;0;22/04/2021;301
768;56;0;22/04/2021;301
905;55;0;22/04/2021;301
1042;54;0;22/04/2021;301
1179;53;0;22/04/2021;301
1316;52;0;22/04/2021;301
1453;51;0;22/04/2021;301
1590;50;0;22/04/2021;301
1727;49;0;22/04/2021;301
1864;48;0;22/04/2021;301
2001;47;0;22/04/2021;301
2139;46;0;22/04/2021;301
2277;45;0;22/04/2021;301
2416;44;0;22/04/2021;301
2553;43;0;22/04/2021;301
2690;42;0;22/04/2021;301
2827;41;0;22/04/2021;301
2964;40;0;22/04/2021;301
3101;39;0;22/04/2021;301
3238;38;1;22/04/2021;301
3375;37;0;22/04/2021;301
3513;36;1;22/04/2021;301
3651;35;0;22/04/2021;301
82;61;0;22/04/2021;305
219;60;0;22/04/2021;305
356;59;0;22/04/2021;305
493;58;0;22/04/2021;305
630;57;0;22/04/2021;305
767;56;0;22/04/2021;305
904;55;0;22/04/2021;305
1041;54;0;22/04/2021;305
1178;53;0;22/04/2021;305
1315;52;0;22/04/2021;305
1452;51;0;22/04/2021;305
1589;50;0;22/04/2021;305
1726;49;0;22/04/2021;305
1863;48;0;22/04/2021;305
2000;47;0;22/04/2021;305
2138;46;0;22/04/2021;305
2276;45;0;22/04/2021;305
2415;44;0;22/04/2021;305
2552;43;0;22/04/2021;305
2689;42;0;22/04/2021;305
2826;41;0;22/04/2021;305
2963;40;0;22/04/2021;305
3100;39;0;22/04/2021;305
3237;38;1;22/04/2021;305
3374;37;0;22/04/2021;305
3512;36;1;22/04/2021;305
3650;35;0;22/04/2021;305
81;61;0;22/04/2021;306
218;60;0;22/04/2021;306
355;59;0;22/04/2021;306
492;58;0;22/04/2021;306
629;57;0;22/04/2021;306
766;56;0;22/04/2021;306
903;55;0;22/04/2021;306
1040;54;0;22/04/2021;306
1177;53;0;22/04/2021;306
1314;52;0;22/04/2021;306
1451;51;0;22/04/2021;306
1588;50;0;22/04/2021;306
1725;49;0;22/04/2021;306
1862;48;0;22/04/2021;306
1999;47;0;22/04/2021;306
2137;46;0;22/04/2021;306
2275;45;0;22/04/2021;306
2414;44;0;22/04/2021;306
2551;43;0;22/04/2021;306
2688;42;0;22/04/2021;306
2825;41;0;22/04/2021;306
2962;40;0;22/04/2021;306
3099;39;0;22/04/2021;306
3236;38;1;22/04/2021;306
3373;37;0;22/04/2021;306
3511;36;1;22/04/2021;306
3649;35;0;22/04/2021;306
3510;36;1;22/04/2021;310
3648;35;0;22/04/2021;310
80;61;0;22/04/2021;317
217;60;0;22/04/2021;317
354;59;0;22/04/2021;317
491;58;0;22/04/2021;317
628;57;0;22/04/2021;317
765;56;0;22/04/2021;317
902;55;0;22/04/2021;317
1039;54;0;22/04/2021;317
1176;53;0;22/04/2021;317
1313;52;1;22/04/2021;317
1450;51;0;22/04/2021;317
1587;50;0;22/04/2021;317
1724;49;0;22/04/2021;317
1861;48;0;22/04/2021;317
1998;47;1;22/04/2021;317
2136;46;0;22/04/2021;317
2274;45;1;22/04/2021;317
2413;44;1;22/04/2021;317
2550;43;1;22/04/2021;317
2687;42;1;22/04/2021;317
2824;41;0;22/04/2021;317
2961;40;0;22/04/2021;317
3098;39;0;22/04/2021;317
3235;38;1;22/04/2021;317
3372;37;0;22/04/2021;317
3509;36;1;22/04/2021;317
3647;35;0;22/04/2021;317
79;61;0;22/04/2021;332
216;60;0;22/04/2021;332
353;59;0;22/04/2021;332
490;58;0;22/04/2021;332
627;57;0;22/04/2021;332
764;56;0;22/04/2021;332
901;55;0;22/04/2021;332
1038;54;0;22/04/2021;332
1175;53;0;22/04/2021;332
1312;52;0;22/04/2021;332
1449;51;0;22/04/2021;332
1586;50;0;22/04/2021;332
1723;49;0;22/04/2021;332
1860;48;0;22/04/2021;332
1997;47;0;22/04/2021;332
2135;46;0;22/04/2021;332
2273;45;0;22/04/2021;332
2412;44;0;22/04/2021;332
2549;43;0;22/04/2021;332
2686;42;0;22/04/2021;332
2823;41;0;22/04/2021;332
2960;40;0;22/04/2021;332
3097;39;0;22/04/2021;332
3234;38;1;22/04/2021;332
3371;37;0;22/04/2021;332
3508;36;1;22/04/2021;332
3646;35;0;22/04/2021;332
78;61;0;22/04/2021;340
215;60;0;22/04/2021;340
352;59;0;22/04/2021;340
489;58;0;22/04/2021;340
626;57;0;22/04/2021;340
763;56;0;22/04/2021;340
900;55;0;22/04/2021;340
1037;54;1;22/04/2021;340
1174;53;0;22/04/2021;340
1311;52;0;22/04/2021;340
1448;51;0;22/04/2021;340
1585;50;0;22/04/2021;340
1722;49;0;22/04/2021;340
1859;48;0;22/04/2021;340
1996;47;0;22/04/2021;340
2134;46;0;22/04/2021;340
2272;45;0;22/04/2021;340
2411;44;0;22/04/2021;340
2548;43;0;22/04/2021;340
2685;42;0;22/04/2021;340
2822;41;0;22/04/2021;340
2959;40;0;22/04/2021;340
3096;39;0;22/04/2021;340
3233;38;1;22/04/2021;340
3370;37;0;22/04/2021;340
3507;36;1;22/04/2021;340
3645;35;0;22/04/2021;340
77;61;0;22/04/2021;342
214;60;0;22/04/2021;342
351;59;0;22/04/2021;342
488;58;0;22/04/2021;342
625;57;0;22/04/2021;342
762;56;0;22/04/2021;342
899;55;0;22/04/2021;342
1036;54;0;22/04/2021;342
1173;53;0;22/04/2021;342
1310;52;0;22/04/2021;342
1447;51;0;22/04/2021;342
1584;50;0;22/04/2021;342
1721;49;0;22/04/2021;342
1858;48;0;22/04/2021;342
1995;47;0;22/04/2021;342
2133;46;0;22/04/2021;342
2271;45;0;22/04/2021;342
2410;44;0;22/04/2021;342
2547;43;0;22/04/2021;342
2684;42;0;22/04/2021;342
2821;41;0;22/04/2021;342
2958;40;0;22/04/2021;342
3095;39;0;22/04/2021;342
3232;38;1;22/04/2021;342
3369;37;0;22/04/2021;342
3506;36;1;22/04/2021;342
3644;35;0;22/04/2021;342
76;61;0;22/04/2021;359
213;60;0;22/04/2021;359
350;59;0;22/04/2021;359
487;58;0;22/04/2021;359
624;57;0;22/04/2021;359
761;56;0;22/04/2021;359
898;55;0;22/04/2021;359
1035;54;0;22/04/2021;359
1172;53;0;22/04/2021;359
1309;52;0;22/04/2021;359
1446;51;0;22/04/2021;359
1583;50;0;22/04/2021;359
1720;49;0;22/04/2021;359
1857;48;0;22/04/2021;359
1994;47;1;22/04/2021;359
2132;46;0;22/04/2021;359
2270;45;1;22/04/2021;359
2409;44;1;22/04/2021;359
2546;43;1;22/04/2021;359
2683;42;0;22/04/2021;359
2820;41;0;22/04/2021;359
2957;40;0;22/04/2021;359
3094;39;0;22/04/2021;359
3231;38;1;22/04/2021;359
3368;37;0;22/04/2021;359
3505;36;1;22/04/2021;359
3643;35;0;22/04/2021;359
75;61;0;22/04/2021;362
212;60;0;22/04/2021;362
349;59;0;22/04/2021;362
486;58;0;22/04/2021;362
623;57;0;22/04/2021;362
760;56;0;22/04/2021;362
897;55;0;22/04/2021;362
1034;54;0;22/04/2021;362
1171;53;0;22/04/2021;362
1308;52;0;22/04/2021;362
1445;51;0;22/04/2021;362
1582;50;0;22/04/2021;362
1719;49;0;22/04/2021;362
1856;48;0;22/04/2021;362
1993;47;0;22/04/2021;362
2131;46;0;22/04/2021;362
2269;45;0;22/04/2021;362
2408;44;0;22/04/2021;362
2545;43;0;22/04/2021;362
2682;42;0;22/04/2021;362
2819;41;0;22/04/2021;362
2956;40;0;22/04/2021;362
3093;39;0;22/04/2021;362
3230;38;1;22/04/2021;362
3367;37;0;22/04/2021;362
3504;36;1;22/04/2021;362
3642;35;0;22/04/2021;362
74;61;0;22/04/2021;376
211;60;0;22/04/2021;376
348;59;0;22/04/2021;376
485;58;0;22/04/2021;376
622;57;0;22/04/2021;376
759;56;0;22/04/2021;376
896;55;0;22/04/2021;376
1033;54;0;22/04/2021;376
1170;53;0;22/04/2021;376
1307;52;0;22/04/2021;376
1444;51;0;22/04/2021;376
1581;50;0;22/04/2021;376
1718;49;0;22/04/2021;376
1855;48;0;22/04/2021;376
1992;47;0;22/04/2021;376
2130;46;0;22/04/2021;376
2268;45;0;22/04/2021;376
2407;44;0;22/04/2021;376
2544;43;0;22/04/2021;376
2681;42;0;22/04/2021;376
2818;41;0;22/04/2021;376
2955;40;0;22/04/2021;376
3092;39;0;22/04/2021;376
3229;38;1;22/04/2021;376
3366;37;0;22/04/2021;376
3503;36;1;22/04/2021;376
3641;35;0;22/04/2021;376
73;61;0;22/04/2021;377
210;60;0;22/04/2021;377
347;59;0;22/04/2021;377
484;58;0;22/04/2021;377
621;57;0;22/04/2021;377
758;56;0;22/04/2021;377
895;55;0;22/04/2021;377
1032;54;0;22/04/2021;377
1169;53;0;22/04/2021;377
1306;52;0;22/04/2021;377
1443;51;0;22/04/2021;377
1580;50;0;22/04/2021;377
1717;49;0;22/04/2021;377
1854;48;0;22/04/2021;377
1991;47;0;22/04/2021;377
2129;46;0;22/04/2021;377
2267;45;0;22/04/2021;377
2406;44;0;22/04/2021;377
2543;43;0;22/04/2021;377
2680;42;0;22/04/2021;377
2817;41;0;22/04/2021;377
2954;40;0;22/04/2021;377
3091;39;0;22/04/2021;377
3228;38;1;22/04/2021;377
3365;37;0;22/04/2021;377
3502;36;1;22/04/2021;377
3640;35;0;22/04/2021;377
72;61;0;22/04/2021;379
209;60;0;22/04/2021;379
346;59;0;22/04/2021;379
483;58;0;22/04/2021;379
620;57;0;22/04/2021;379
757;56;0;22/04/2021;379
894;55;0;22/04/2021;379
1031;54;0;22/04/2021;379
1168;53;0;22/04/2021;379
1305;52;0;22/04/2021;379
1442;51;0;22/04/2021;379
1579;50;0;22/04/2021;379
1716;49;0;22/04/2021;379
1853;48;0;22/04/2021;379
1990;47;0;22/04/2021;379
2128;46;0;22/04/2021;379
2266;45;0;22/04/2021;379
2405;44;0;22/04/2021;379
2542;43;0;22/04/2021;379
2679;42;0;22/04/2021;379
2816;41;0;22/04/2021;379
2953;40;0;22/04/2021;379
3090;39;0;22/04/2021;379
3227;38;1;22/04/2021;379
3364;37;0;22/04/2021;379
3501;36;1;22/04/2021;379
3639;35;0;22/04/2021;379
71;61;0;22/04/2021;382
208;60;0;22/04/2021;382
345;59;0;22/04/2021;382
482;58;0;22/04/2021;382
619;57;0;22/04/2021;382
756;56;0;22/04/2021;382
893;55;0;22/04/2021;382
1030;54;0;22/04/2021;382
1167;53;0;22/04/2021;382
1304;52;1;22/04/2021;382
1441;51;0;22/04/2021;382
1578;50;0;22/04/2021;382
1715;49;0;22/04/2021;382
1852;48;1;22/04/2021;382
1989;47;1;22/04/2021;382
2127;46;0;22/04/2021;382
2265;45;1;22/04/2021;382
2404;44;1;22/04/2021;382
2541;43;1;22/04/2021;382
2678;42;0;22/04/2021;382
2815;41;0;22/04/2021;382
2952;40;0;22/04/2021;382
3089;39;0;22/04/2021;382
3226;38;1;22/04/2021;382
3363;37;0;22/04/2021;382
3500;36;1;22/04/2021;382
3638;35;0;22/04/2021;382
70;61;0;22/04/2021;389
207;60;0;22/04/2021;389
344;59;0;22/04/2021;389
481;58;0;22/04/2021;389
618;57;0;22/04/2021;389
755;56;0;22/04/2021;389
892;55;0;22/04/2021;389
1029;54;0;22/04/2021;389
1166;53;0;22/04/2021;389
1303;52;0;22/04/2021;389
1440;51;0;22/04/2021;389
1577;50;0;22/04/2021;389
1714;49;0;22/04/2021;389
1851;48;0;22/04/2021;389
1988;47;0;22/04/2021;389
2126;46;0;22/04/2021;389
2264;45;0;22/04/2021;389
2403;44;0;22/04/2021;389
2540;43;0;22/04/2021;389
2677;42;0;22/04/2021;389
2814;41;0;22/04/2021;389
2951;40;0;22/04/2021;389
3088;39;0;22/04/2021;389
3225;38;1;22/04/2021;389
3362;37;0;22/04/2021;389
3499;36;1;22/04/2021;389
3637;35;0;22/04/2021;389
69;61;0;22/04/2021;393
206;60;0;22/04/2021;393
343;59;0;22/04/2021;393
480;58;0;22/04/2021;393
617;57;0;22/04/2021;393
754;56;0;22/04/2021;393
891;55;0;22/04/2021;393
1028;54;0;22/04/2021;393
1165;53;0;22/04/2021;393
1302;52;0;22/04/2021;393
1439;51;0;22/04/2021;393
1576;50;0;22/04/2021;393
1713;49;0;22/04/2021;393
1850;48;0;22/04/2021;393
1987;47;0;22/04/2021;393
2125;46;0;22/04/2021;393
2263;45;0;22/04/2021;393
2402;44;0;22/04/2021;393
2539;43;0;22/04/2021;393
2676;42;0;22/04/2021;393
2813;41;0;22/04/2021;393
2950;40;0;22/04/2021;393
3087;39;0;22/04/2021;393
3224;38;1;22/04/2021;393
3361;37;0;22/04/2021;393
3498;36;1;22/04/2021;393
3636;35;0;22/04/2021;393
2262;45;1;04/10/2022;401
68;61;0;22/04/2021;404
205;60;0;22/04/2021;404
342;59;0;22/04/2021;404
479;58;0;22/04/2021;404
616;57;0;22/04/2021;404
753;56;0;22/04/2021;404
890;55;0;22/04/2021;404
1027;54;0;22/04/2021;404
1164;53;0;22/04/2021;404
1301;52;0;22/04/2021;404
1438;51;0;22/04/2021;404
1575;50;0;22/04/2021;404
1712;49;0;22/04/2021;404
1849;48;0;22/04/2021;404
1986;47;0;22/04/2021;404
2124;46;0;22/04/2021;404
2261;45;0;22/04/2021;404
2401;44;0;22/04/2021;404
2538;43;0;22/04/2021;404
2675;42;0;22/04/2021;404
2812;41;0;22/04/2021;404
2949;40;0;22/04/2021;404
3086;39;0;22/04/2021;404
3223;38;1;22/04/2021;404
3360;37;0;22/04/2021;404
3497;36;1;22/04/2021;404
3635;35;0;22/04/2021;404
67;61;0;22/04/2021;410
204;60;0;22/04/2021;410
341;59;0;22/04/2021;410
478;58;0;22/04/2021;410
615;57;0;22/04/2021;410
752;56;0;22/04/2021;410
889;55;0;22/04/2021;410
1026;54;1;22/04/2021;410
1163;53;0;22/04/2021;410
1300;52;1;22/04/2021;410
1437;51;0;22/04/2021;410
1574;50;0;22/04/2021;410
1711;49;1;22/04/2021;410
1848;48;0;22/04/2021;410
1985;47;0;22/04/2021;410
2123;46;0;22/04/2021;410
2260;45;0;22/04/2021;410
2400;44;0;22/04/2021;410
2537;43;0;22/04/2021;410
2674;42;0;22/04/2021;410
2811;41;0;22/04/2021;410
2948;40;0;22/04/2021;410
3085;39;0;22/04/2021;410
3222;38;1;22/04/2021;410
3359;37;0;22/04/2021;410
3496;36;1;22/04/2021;410
3634;35;0;22/04/2021;410
66;61;0;22/04/2021;427
203;60;0;22/04/2021;427
340;59;0;22/04/2021;427
477;58;0;22/04/2021;427
614;57;0;22/04/2021;427
751;56;0;22/04/2021;427
888;55;0;22/04/2021;427
1025;54;0;22/04/2021;427
1162;53;0;22/04/2021;427
1299;52;0;22/04/2021;427
1436;51;0;22/04/2021;427
1573;50;0;22/04/2021;427
1710;49;1;22/04/2021;427
1847;48;0;22/04/2021;427
1984;47;0;22/04/2021;427
2122;46;0;22/04/2021;427
2259;45;0;22/04/2021;427
2399;44;0;22/04/2021;427
2536;43;0;22/04/2021;427
2673;42;0;22/04/2021;427
2810;41;0;22/04/2021;427
2947;40;0;22/04/2021;427
3084;39;0;22/04/2021;427
3221;38;1;22/04/2021;427
3358;37;0;22/04/2021;427
3495;36;1;22/04/2021;427
3633;35;0;22/04/2021;427
65;61;0;22/04/2021;434
202;60;0;22/04/2021;434
339;59;0;22/04/2021;434
476;58;0;22/04/2021;434
613;57;0;22/04/2021;434
750;56;0;22/04/2021;434
887;55;0;22/04/2021;434
1024;54;0;22/04/2021;434
1161;53;0;22/04/2021;434
1298;52;0;22/04/2021;434
1435;51;0;22/04/2021;434
1572;50;0;22/04/2021;434
1709;49;1;22/04/2021;434
1846;48;0;22/04/2021;434
1983;47;0;22/04/2021;434
2121;46;0;22/04/2021;434
2258;45;0;22/04/2021;434
2398;44;0;22/04/2021;434
2535;43;0;22/04/2021;434
2672;42;0;22/04/2021;434
2809;41;0;22/04/2021;434
2946;40;0;22/04/2021;434
3083;39;0;22/04/2021;434
3220;38;1;22/04/2021;434
3357;37;0;22/04/2021;434
3494;36;1;22/04/2021;434
3632;35;0;22/04/2021;434
64;61;0;22/04/2021;453
201;60;0;22/04/2021;453
338;59;0;22/04/2021;453
475;58;0;22/04/2021;453
612;57;0;22/04/2021;453
749;56;0;22/04/2021;453
886;55;0;22/04/2021;453
1023;54;0;22/04/2021;453
1160;53;1;22/04/2021;453
1297;52;1;22/04/2021;453
1434;51;0;22/04/2021;453
1571;50;0;22/04/2021;453
1708;49;0;22/04/2021;453
1845;48;0;22/04/2021;453
1982;47;1;22/04/2021;453
2120;46;0;22/04/2021;453
2257;45;1;22/04/2021;453
2397;44;1;22/04/2021;453
2534;43;1;22/04/2021;453
2671;42;0;22/04/2021;453
2808;41;0;22/04/2021;453
2945;40;0;22/04/2021;453
3082;39;0;22/04/2021;453
3219;38;1;22/04/2021;453
3356;37;0;22/04/2021;453
3493;36;1;22/04/2021;453
3631;35;0;22/04/2021;453
63;61;0;22/04/2021;457
200;60;0;22/04/2021;457
337;59;0;22/04/2021;457
474;58;0;22/04/2021;457
611;57;0;22/04/2021;457
748;56;0;22/04/2021;457
885;55;0;22/04/2021;457
1022;54;0;22/04/2021;457
1159;53;0;22/04/2021;457
1296;52;0;22/04/2021;457
1433;51;0;22/04/2021;457
1570;50;0;22/04/2021;457
1707;49;0;22/04/2021;457
1844;48;0;22/04/2021;457
1981;47;0;22/04/2021;457
2119;46;0;22/04/2021;457
2256;45;0;22/04/2021;457
2396;44;0;22/04/2021;457
2533;43;0;22/04/2021;457
2670;42;0;22/04/2021;457
2807;41;0;22/04/2021;457
2944;40;0;22/04/2021;457
3081;39;0;22/04/2021;457
3218;38;1;22/04/2021;457
3355;37;0;22/04/2021;457
3492;36;1;22/04/2021;457
3630;35;0;22/04/2021;457
62;61;0;22/04/2021;468
199;60;0;22/04/2021;468
336;59;0;22/04/2021;468
473;58;0;22/04/2021;468
610;57;0;22/04/2021;468
747;56;0;22/04/2021;468
884;55;0;22/04/2021;468
1021;54;0;22/04/2021;468
1158;53;0;22/04/2021;468
1295;52;0;22/04/2021;468
1432;51;0;22/04/2021;468
1569;50;0;22/04/2021;468
1706;49;0;22/04/2021;468
1843;48;0;22/04/2021;468
1980;47;0;22/04/2021;468
2118;46;0;22/04/2021;468
2255;45;0;22/04/2021;468
2395;44;0;22/04/2021;468
2532;43;0;22/04/2021;468
2669;42;0;22/04/2021;468
2806;41;0;22/04/2021;468
2943;40;0;22/04/2021;468
3080;39;0;22/04/2021;468
3217;38;1;22/04/2021;468
3354;37;0;22/04/2021;468
3491;36;1;22/04/2021;468
3629;35;0;22/04/2021;468
61;61;0;22/04/2021;506
198;60;0;22/04/2021;506
335;59;0;22/04/2021;506
472;58;0;22/04/2021;506
609;57;0;22/04/2021;506
746;56;0;22/04/2021;506
883;55;0;22/04/2021;506
1020;54;0;22/04/2021;506
1157;53;0;22/04/2021;506
1294;52;0;22/04/2021;506
1431;51;0;22/04/2021;506
1568;50;0;22/04/2021;506
1705;49;0;22/04/2021;506
1842;48;0;22/04/2021;506
1979;47;0;22/04/2021;506
2117;46;0;22/04/2021;506
2254;45;0;22/04/2021;506
2394;44;0;22/04/2021;506
2531;43;0;22/04/2021;506
2668;42;0;22/04/2021;506
2805;41;0;22/04/2021;506
2942;40;0;22/04/2021;506
3079;39;0;22/04/2021;506
3216;38;1;22/04/2021;506
3353;37;0;22/04/2021;506
3490;36;1;22/04/2021;506
3628;35;0;22/04/2021;506
60;61;0;22/04/2021;509
197;60;0;22/04/2021;509
334;59;0;22/04/2021;509
471;58;0;22/04/2021;509
608;57;0;22/04/2021;509
745;56;0;22/04/2021;509
882;55;0;22/04/2021;509
1019;54;0;22/04/2021;509
1156;53;0;22/04/2021;509
1293;52;0;22/04/2021;509
1430;51;0;22/04/2021;509
1567;50;0;22/04/2021;509
1704;49;0;22/04/2021;509
1841;48;0;22/04/2021;509
1978;47;0;22/04/2021;509
2116;46;0;22/04/2021;509
2253;45;0;22/04/2021;509
2393;44;0;22/04/2021;509
2530;43;0;22/04/2021;509
2667;42;0;22/04/2021;509
2804;41;0;22/04/2021;509
2941;40;0;22/04/2021;509
3078;39;0;22/04/2021;509
3215;38;1;22/04/2021;509
3352;37;0;22/04/2021;509
3489;36;1;22/04/2021;509
3627;35;0;22/04/2021;509
59;61;0;22/04/2021;510
196;60;0;22/04/2021;510
333;59;0;22/04/2021;510
470;58;0;22/04/2021;510
607;57;0;22/04/2021;510
744;56;0;22/04/2021;510
881;55;0;22/04/2021;510
1018;54;0;22/04/2021;510
1155;53;0;22/04/2021;510
1292;52;0;22/04/2021;510
1429;51;0;22/04/2021;510
1566;50;0;22/04/2021;510
1703;49;0;22/04/2021;510
1840;48;0;22/04/2021;510
1977;47;0;22/04/2021;510
2115;46;0;22/04/2021;510
2252;45;0;22/04/2021;510
2392;44;0;22/04/2021;510
2529;43;0;22/04/2021;510
2666;42;0;22/04/2021;510
2803;41;0;22/04/2021;510
2940;40;0;22/04/2021;510
3077;39;0;22/04/2021;510
3214;38;1;22/04/2021;510
3351;37;0;22/04/2021;510
3488;36;1;22/04/2021;510
3626;35;0;22/04/2021;510
58;61;0;22/04/2021;517
195;60;0;22/04/2021;517
332;59;0;22/04/2021;517
469;58;0;22/04/2021;517
606;57;0;22/04/2021;517
743;56;0;22/04/2021;517
880;55;0;22/04/2021;517
1017;54;0;22/04/2021;517
1154;53;0;22/04/2021;517
1291;52;0;22/04/2021;517
1428;51;0;22/04/2021;517
1565;50;0;22/04/2021;517
1702;49;0;22/04/2021;517
1839;48;0;22/04/2021;517
1976;47;0;22/04/2021;517
2114;46;0;22/04/2021;517
2251;45;0;22/04/2021;517
2391;44;0;22/04/2021;517
2528;43;0;22/04/2021;517
2665;42;0;22/04/2021;517
2802;41;0;22/04/2021;517
2939;40;0;22/04/2021;517
3076;39;0;22/04/2021;517
3213;38;1;22/04/2021;517
3350;37;0;22/04/2021;517
3487;36;1;22/04/2021;517
3625;35;0;22/04/2021;517
7;63;1;13/06/2022;518
57;61;0;22/04/2021;518
194;60;0;22/04/2021;518
331;59;0;22/04/2021;518
468;58;0;22/04/2021;518
605;57;0;22/04/2021;518
742;56;0;22/04/2021;518
879;55;0;22/04/2021;518
1016;54;1;22/04/2021;518
1153;53;0;22/04/2021;518
1290;52;0;22/04/2021;518
1427;51;0;22/04/2021;518
1564;50;0;22/04/2021;518
1701;49;0;22/04/2021;518
1838;48;0;22/04/2021;518
1975;47;0;22/04/2021;518
2113;46;0;22/04/2021;518
2250;45;0;22/04/2021;518
2390;44;0;22/04/2021;518
2527;43;0;22/04/2021;518
2664;42;0;22/04/2021;518
2801;41;0;22/04/2021;518
2938;40;0;22/04/2021;518
3075;39;0;22/04/2021;518
3212;38;1;22/04/2021;518
3349;37;0;22/04/2021;518
3486;36;1;22/04/2021;518
3624;35;0;22/04/2021;518
56;61;0;22/04/2021;519
193;60;0;22/04/2021;519
330;59;0;22/04/2021;519
467;58;0;22/04/2021;519
604;57;0;22/04/2021;519
741;56;0;22/04/2021;519
878;55;0;22/04/2021;519
1015;54;1;22/04/2021;519
1152;53;0;22/04/2021;519
1289;52;0;22/04/2021;519
1426;51;0;22/04/2021;519
1563;50;0;22/04/2021;519
1700;49;0;22/04/2021;519
1837;48;0;22/04/2021;519
1974;47;0;22/04/2021;519
2112;46;0;22/04/2021;519
2249;45;0;22/04/2021;519
2389;44;0;22/04/2021;519
2526;43;0;22/04/2021;519
2663;42;1;22/04/2021;519
2800;41;1;22/04/2021;519
2937;40;1;22/04/2021;519
3074;39;1;22/04/2021;519
3211;38;1;22/04/2021;519
3348;37;0;22/04/2021;519
3485;36;1;22/04/2021;519
3623;35;0;22/04/2021;519
55;61;0;22/04/2021;521
192;60;0;22/04/2021;521
329;59;0;22/04/2021;521
466;58;0;22/04/2021;521
603;57;0;22/04/2021;521
740;56;0;22/04/2021;521
877;55;0;22/04/2021;521
1014;54;0;22/04/2021;521
1151;53;0;22/04/2021;521
1288;52;0;22/04/2021;521
1425;51;0;22/04/2021;521
1562;50;0;22/04/2021;521
1699;49;0;22/04/2021;521
1836;48;0;22/04/2021;521
1973;47;0;22/04/2021;521
2111;46;0;22/04/2021;521
2248;45;0;22/04/2021;521
2388;44;0;22/04/2021;521
2525;43;0;22/04/2021;521
2662;42;0;22/04/2021;521
2799;41;0;22/04/2021;521
2936;40;0;22/04/2021;521
3073;39;0;22/04/2021;521
3210;38;1;22/04/2021;521
3347;37;0;22/04/2021;521
3484;36;1;22/04/2021;521
3622;35;0;22/04/2021;521
54;61;0;22/04/2021;539
191;60;0;22/04/2021;539
328;59;0;22/04/2021;539
465;58;0;22/04/2021;539
602;57;0;22/04/2021;539
739;56;0;22/04/2021;539
876;55;0;22/04/2021;539
1013;54;0;22/04/2021;539
1150;53;0;22/04/2021;539
1287;52;0;22/04/2021;539
1424;51;0;22/04/2021;539
1561;50;0;22/04/2021;539
1698;49;0;22/04/2021;539
1835;48;0;22/04/2021;539
1972;47;0;22/04/2021;539
2110;46;0;22/04/2021;539
2247;45;0;22/04/2021;539
2387;44;0;22/04/2021;539
2524;43;0;22/04/2021;539
2661;42;0;22/04/2021;539
2798;41;0;22/04/2021;539
2935;40;0;22/04/2021;539
3072;39;0;22/04/2021;539
3209;38;1;22/04/2021;539
3346;37;0;22/04/2021;539
3483;36;1;22/04/2021;539
3621;35;0;22/04/2021;539
53;61;0;22/04/2021;540
190;60;0;22/04/2021;540
327;59;0;22/04/2021;540
464;58;0;22/04/2021;540
601;57;0;22/04/2021;540
738;56;0;22/04/2021;540
875;55;0;22/04/2021;540
1012;54;1;22/04/2021;540
1149;53;0;22/04/2021;540
1286;52;0;22/04/2021;540
1423;51;0;22/04/2021;540
1560;50;0;22/04/2021;540
1697;49;0;22/04/2021;540
1834;48;0;22/04/2021;540
1971;47;0;22/04/2021;540
2109;46;0;22/04/2021;540
2246;45;0;22/04/2021;540
2386;44;0;22/04/2021;540
2523;43;0;22/04/2021;540
2660;42;0;22/04/2021;540
2797;41;0;22/04/2021;540
2934;40;0;22/04/2021;540
3071;39;0;22/04/2021;540
3208;38;1;22/04/2021;540
3345;37;0;22/04/2021;540
3482;36;1;22/04/2021;540
3620;35;0;22/04/2021;540
52;61;0;22/04/2021;547
189;60;0;22/04/2021;547
326;59;0;22/04/2021;547
463;58;0;22/04/2021;547
600;57;0;22/04/2021;547
737;56;0;22/04/2021;547
874;55;0;22/04/2021;547
1011;54;0;22/04/2021;547
1148;53;0;22/04/2021;547
1285;52;0;22/04/2021;547
1422;51;0;22/04/2021;547
1559;50;0;22/04/2021;547
1696;49;0;22/04/2021;547
1833;48;0;22/04/2021;547
1970;47;0;22/04/2021;547
2108;46;0;22/04/2021;547
2245;45;0;22/04/2021;547
2385;44;0;22/04/2021;547
2522;43;0;22/04/2021;547
2659;42;0;22/04/2021;547
2796;41;0;22/04/2021;547
2933;40;0;22/04/2021;547
3070;39;0;22/04/2021;547
3207;38;1;22/04/2021;547
3344;37;0;22/04/2021;547
3481;36;1;22/04/2021;547
3619;35;0;22/04/2021;547
51;61;0;22/04/2021;549
188;60;0;22/04/2021;549
325;59;0;22/04/2021;549
462;58;0;22/04/2021;549
599;57;0;22/04/2021;549
736;56;0;22/04/2021;549
873;55;0;22/04/2021;549
1010;54;0;22/04/2021;549
1147;53;0;22/04/2021;549
1284;52;0;22/04/2021;549
1421;51;0;22/04/2021;549
1558;50;0;22/04/2021;549
1695;49;0;22/04/2021;549
1832;48;0;22/04/2021;549
1969;47;0;22/04/2021;549
2107;46;0;22/04/2021;549
2244;45;0;22/04/2021;549
2384;44;0;22/04/2021;549
2521;43;0;22/04/2021;549
2658;42;0;22/04/2021;549
2795;41;0;22/04/2021;549
2932;40;0;22/04/2021;549
3069;39;0;22/04/2021;549
3206;38;1;22/04/2021;549
3343;37;0;22/04/2021;549
3480;36;1;22/04/2021;549
3618;35;0;22/04/2021;549
50;61;0;22/04/2021;557
187;60;0;22/04/2021;557
324;59;0;22/04/2021;557
461;58;0;22/04/2021;557
598;57;0;22/04/2021;557
735;56;0;22/04/2021;557
872;55;0;22/04/2021;557
1009;54;0;22/04/2021;557
1146;53;0;22/04/2021;557
1283;52;0;22/04/2021;557
1420;51;0;22/04/2021;557
1557;50;0;22/04/2021;557
1694;49;0;22/04/2021;557
1831;48;0;22/04/2021;557
1968;47;0;22/04/2021;557
2106;46;0;22/04/2021;557
2243;45;0;22/04/2021;557
2383;44;0;22/04/2021;557
2520;43;0;22/04/2021;557
2657;42;0;22/04/2021;557
2794;41;0;22/04/2021;557
2931;40;0;22/04/2021;557
3068;39;0;22/04/2021;557
3205;38;1;22/04/2021;557
3342;37;0;22/04/2021;557
3479;36;1;22/04/2021;557
3617;35;0;22/04/2021;557
49;61;0;22/04/2021;565
186;60;0;22/04/2021;565
323;59;0;22/04/2021;565
460;58;0;22/04/2021;565
597;57;0;22/04/2021;565
734;56;0;22/04/2021;565
871;55;0;22/04/2021;565
1008;54;0;22/04/2021;565
1145;53;0;22/04/2021;565
1282;52;0;22/04/2021;565
1419;51;0;22/04/2021;565
1556;50;0;22/04/2021;565
1693;49;0;22/04/2021;565
1830;48;0;22/04/2021;565
1967;47;0;22/04/2021;565
2105;46;0;22/04/2021;565
2242;45;0;22/04/2021;565
2382;44;0;22/04/2021;565
2519;43;0;22/04/2021;565
2656;42;0;22/04/2021;565
2793;41;0;22/04/2021;565
2930;40;0;22/04/2021;565
3067;39;0;22/04/2021;565
3204;38;1;22/04/2021;565
3341;37;0;22/04/2021;565
3478;36;1;22/04/2021;565
3616;35;0;22/04/2021;565
48;61;0;22/04/2021;585
185;60;0;22/04/2021;585
322;59;0;22/04/2021;585
459;58;0;22/04/2021;585
596;57;0;22/04/2021;585
733;56;0;22/04/2021;585
870;55;0;22/04/2021;585
1007;54;0;22/04/2021;585
1144;53;0;22/04/2021;585
1281;52;0;22/04/2021;585
1418;51;0;22/04/2021;585
1555;50;0;22/04/2021;585
1692;49;0;22/04/2021;585
1829;48;0;22/04/2021;585
1966;47;0;22/04/2021;585
2104;46;0;22/04/2021;585
2241;45;0;22/04/2021;585
2381;44;0;22/04/2021;585
2518;43;0;22/04/2021;585
2655;42;0;22/04/2021;585
2792;41;0;22/04/2021;585
2929;40;0;22/04/2021;585
3066;39;0;22/04/2021;585
3203;38;1;22/04/2021;585
3340;37;0;22/04/2021;585
3477;36;1;22/04/2021;585
3615;35;0;22/04/2021;585
47;61;0;22/04/2021;613
184;60;0;22/04/2021;613
321;59;0;22/04/2021;613
458;58;0;22/04/2021;613
595;57;0;22/04/2021;613
732;56;0;22/04/2021;613
869;55;0;22/04/2021;613
1006;54;0;22/04/2021;613
1143;53;0;22/04/2021;613
1280;52;0;22/04/2021;613
1417;51;0;22/04/2021;613
1554;50;0;22/04/2021;613
1691;49;0;22/04/2021;613
1828;48;0;22/04/2021;613
1965;47;0;22/04/2021;613
2103;46;0;22/04/2021;613
2240;45;0;22/04/2021;613
2380;44;0;22/04/2021;613
2517;43;0;22/04/2021;613
2654;42;0;22/04/2021;613
2791;41;0;22/04/2021;613
2928;40;0;22/04/2021;613
3065;39;0;22/04/2021;613
3202;38;1;22/04/2021;613
3339;37;0;22/04/2021;613
3476;36;1;22/04/2021;613
3614;35;0;22/04/2021;613
46;61;0;22/04/2021;634
183;60;0;22/04/2021;634
320;59;0;22/04/2021;634
457;58;0;22/04/2021;634
594;57;0;22/04/2021;634
731;56;0;22/04/2021;634
868;55;0;22/04/2021;634
1005;54;0;22/04/2021;634
1142;53;0;22/04/2021;634
1279;52;0;22/04/2021;634
1416;51;0;22/04/2021;634
1553;50;0;22/04/2021;634
1690;49;0;22/04/2021;634
1827;48;0;22/04/2021;634
1964;47;0;22/04/2021;634
2102;46;0;22/04/2021;634
2239;45;0;22/04/2021;634
2379;44;0;22/04/2021;634
2516;43;0;22/04/2021;634
2653;42;0;22/04/2021;634
2790;41;0;22/04/2021;634
2927;40;0;22/04/2021;634
3064;39;0;22/04/2021;634
3201;38;1;22/04/2021;634
3338;37;0;22/04/2021;634
3475;36;1;22/04/2021;634
3613;35;0;22/04/2021;634
45;61;0;22/04/2021;636
182;60;0;22/04/2021;636
319;59;0;22/04/2021;636
456;58;0;22/04/2021;636
593;57;0;22/04/2021;636
730;56;0;22/04/2021;636
867;55;0;22/04/2021;636
1004;54;0;22/04/2021;636
1141;53;0;22/04/2021;636
1278;52;0;22/04/2021;636
1415;51;0;22/04/2021;636
1552;50;0;22/04/2021;636
1689;49;0;22/04/2021;636
1826;48;0;22/04/2021;636
1963;47;0;22/04/2021;636
2101;46;0;22/04/2021;636
2238;45;0;22/04/2021;636
2378;44;0;22/04/2021;636
2515;43;0;22/04/2021;636
2652;42;0;22/04/2021;636
2789;41;0;22/04/2021;636
2926;40;0;22/04/2021;636
3063;39;0;22/04/2021;636
3200;38;1;22/04/2021;636
3337;37;0;22/04/2021;636
3474;36;1;22/04/2021;636
3612;35;0;22/04/2021;636
44;61;0;22/04/2021;637
181;60;0;22/04/2021;637
318;59;0;22/04/2021;637
455;58;0;22/04/2021;637
592;57;0;22/04/2021;637
729;56;0;22/04/2021;637
866;55;0;22/04/2021;637
1003;54;0;22/04/2021;637
1140;53;0;22/04/2021;637
1277;52;1;22/04/2021;637
1414;51;0;22/04/2021;637
1551;50;0;22/04/2021;637
1688;49;0;22/04/2021;637
1825;48;1;22/04/2021;637
1962;47;1;22/04/2021;637
2100;46;0;22/04/2021;637
2237;45;1;22/04/2021;637
2377;44;1;22/04/2021;637
2514;43;1;22/04/2021;637
2651;42;1;22/04/2021;637
2788;41;0;22/04/2021;637
2925;40;0;22/04/2021;637
3062;39;0;22/04/2021;637
3199;38;1;22/04/2021;637
3336;37;0;22/04/2021;637
3473;36;1;22/04/2021;637
3611;35;1;22/04/2021;637
43;61;0;22/04/2021;639
180;60;0;22/04/2021;639
317;59;0;22/04/2021;639
454;58;0;22/04/2021;639
591;57;0;22/04/2021;639
728;56;0;22/04/2021;639
865;55;0;22/04/2021;639
1002;54;0;22/04/2021;639
1139;53;0;22/04/2021;639
1276;52;0;22/04/2021;639
1413;51;0;22/04/2021;639
1550;50;0;22/04/2021;639
1687;49;0;22/04/2021;639
1824;48;0;22/04/2021;639
1961;47;0;22/04/2021;639
2099;46;0;22/04/2021;639
2236;45;0;22/04/2021;639
2376;44;0;22/04/2021;639
2513;43;0;22/04/2021;639
2650;42;0;22/04/2021;639
2787;41;0;22/04/2021;639
2924;40;0;22/04/2021;639
3061;39;0;22/04/2021;639
3198;38;1;22/04/2021;639
3335;37;0;22/04/2021;639
3472;36;1;22/04/2021;639
3610;35;0;22/04/2021;639
42;61;0;22/04/2021;649
179;60;0;22/04/2021;649
316;59;0;22/04/2021;649
453;58;0;22/04/2021;649
590;57;0;22/04/2021;649
727;56;0;22/04/2021;649
864;55;0;22/04/2021;649
1001;54;0;22/04/2021;649
1138;53;0;22/04/2021;649
1275;52;0;22/04/2021;649
1412;51;0;22/04/2021;649
1549;50;0;22/04/2021;649
1686;49;0;22/04/2021;649
1823;48;0;22/04/2021;649
1960;47;0;22/04/2021;649
2098;46;0;22/04/2021;649
2235;45;0;22/04/2021;649
2375;44;0;22/04/2021;649
2512;43;0;22/04/2021;649
2649;42;0;22/04/2021;649
2786;41;0;22/04/2021;649
2923;40;0;22/04/2021;649
3060;39;0;22/04/2021;649
3197;38;1;22/04/2021;649
3334;37;0;22/04/2021;649
3471;36;1;22/04/2021;649
3609;35;0;22/04/2021;649
41;61;0;22/04/2021;663
178;60;0;22/04/2021;663
315;59;0;22/04/2021;663
452;58;0;22/04/2021;663
589;57;0;22/04/2021;663
726;56;0;22/04/2021;663
863;55;0;22/04/2021;663
1000;54;0;22/04/2021;663
1137;53;0;22/04/2021;663
1274;52;0;22/04/2021;663
1411;51;0;22/04/2021;663
1548;50;0;22/04/2021;663
1685;49;0;22/04/2021;663
1822;48;0;22/04/2021;663
1959;47;0;22/04/2021;663
2097;46;0;22/04/2021;663
2234;45;0;22/04/2021;663
2374;44;0;22/04/2021;663
2511;43;0;22/04/2021;663
2648;42;0;22/04/2021;663
2785;41;0;22/04/2021;663
2922;40;0;22/04/2021;663
3059;39;0;22/04/2021;663
3196;38;1;22/04/2021;663
3333;37;0;22/04/2021;663
3470;36;1;22/04/2021;663
3608;35;0;22/04/2021;663
40;61;0;22/04/2021;668
177;60;0;22/04/2021;668
314;59;0;22/04/2021;668
451;58;0;22/04/2021;668
588;57;0;22/04/2021;668
725;56;0;22/04/2021;668
862;55;0;22/04/2021;668
999;54;0;22/04/2021;668
1136;53;0;22/04/2021;668
1273;52;0;22/04/2021;668
1410;51;0;22/04/2021;668
1547;50;0;22/04/2021;668
1684;49;1;22/04/2021;668
1821;48;0;22/04/2021;668
1958;47;0;22/04/2021;668
2096;46;0;22/04/2021;668
2233;45;0;22/04/2021;668
2373;44;0;22/04/2021;668
2510;43;0;22/04/2021;668
2647;42;0;22/04/2021;668
2784;41;0;22/04/2021;668
2921;40;0;22/04/2021;668
3058;39;0;22/04/2021;668
3195;38;1;22/04/2021;668
3332;37;1;22/04/2021;668
3469;36;1;22/04/2021;668
3607;35;0;22/04/2021;668
39;61;0;22/04/2021;669
176;60;0;22/04/2021;669
313;59;0;22/04/2021;669
450;58;0;22/04/2021;669
587;57;0;22/04/2021;669
724;56;0;22/04/2021;669
861;55;0;22/04/2021;669
998;54;1;22/04/2021;669
1135;53;0;22/04/2021;669
1272;52;0;22/04/2021;669
1409;51;0;22/04/2021;669
1546;50;0;22/04/2021;669
1683;49;0;22/04/2021;669
1820;48;0;22/04/2021;669
1957;47;0;22/04/2021;669
2095;46;0;22/04/2021;669
2232;45;0;22/04/2021;669
2372;44;0;22/04/2021;669
2509;43;0;22/04/2021;669
2646;42;0;22/04/2021;669
2783;41;0;22/04/2021;669
2920;40;0;22/04/2021;669
3057;39;0;22/04/2021;669
3194;38;1;22/04/2021;669
3331;37;1;22/04/2021;669
3468;36;1;22/04/2021;669
3606;35;0;22/04/2021;669
38;61;0;22/04/2021;670
175;60;0;22/04/2021;670
312;59;0;22/04/2021;670
449;58;0;22/04/2021;670
586;57;0;22/04/2021;670
723;56;0;22/04/2021;670
860;55;0;22/04/2021;670
997;54;1;22/04/2021;670
1134;53;0;22/04/2021;670
1271;52;0;22/04/2021;670
1408;51;0;22/04/2021;670
1545;50;0;22/04/2021;670
1682;49;1;22/04/2021;670
1819;48;0;22/04/2021;670
1956;47;0;22/04/2021;670
2094;46;0;22/04/2021;670
2231;45;0;22/04/2021;670
2371;44;0;22/04/2021;670
2508;43;0;22/04/2021;670
2645;42;0;22/04/2021;670
2782;41;0;22/04/2021;670
2919;40;0;22/04/2021;670
3056;39;0;22/04/2021;670
3193;38;1;22/04/2021;670
3330;37;0;22/04/2021;670
3467;36;1;22/04/2021;670
3605;35;0;22/04/2021;670
37;61;0;22/04/2021;671
174;60;0;22/04/2021;671
311;59;0;22/04/2021;671
448;58;0;22/04/2021;671
585;57;0;22/04/2021;671
722;56;0;22/04/2021;671
859;55;0;22/04/2021;671
996;54;1;22/04/2021;671
1133;53;0;22/04/2021;671
1270;52;0;22/04/2021;671
1407;51;0;22/04/2021;671
1544;50;0;22/04/2021;671
1681;49;0;22/04/2021;671
1818;48;0;22/04/2021;671
1955;47;0;22/04/2021;671
2093;46;0;22/04/2021;671
2230;45;0;22/04/2021;671
2370;44;0;22/04/2021;671
2507;43;0;22/04/2021;671
2644;42;0;22/04/2021;671
2781;41;0;22/04/2021;671
2918;40;0;22/04/2021;671
3055;39;0;22/04/2021;671
3192;38;1;22/04/2021;671
3329;37;0;22/04/2021;671
3466;36;1;22/04/2021;671
3604;35;0;22/04/2021;671
36;61;0;22/04/2021;673
173;60;0;22/04/2021;673
310;59;0;22/04/2021;673
447;58;0;22/04/2021;673
584;57;0;22/04/2021;673
721;56;0;22/04/2021;673
858;55;0;22/04/2021;673
995;54;1;22/04/2021;673
1132;53;0;22/04/2021;673
1269;52;0;22/04/2021;673
1406;51;0;22/04/2021;673
1543;50;0;22/04/2021;673
1680;49;0;22/04/2021;673
1817;48;0;22/04/2021;673
1954;47;0;22/04/2021;673
2092;46;0;22/04/2021;673
2229;45;0;22/04/2021;673
2369;44;0;22/04/2021;673
2506;43;0;22/04/2021;673
2643;42;0;22/04/2021;673
2780;41;0;22/04/2021;673
2917;40;0;22/04/2021;673
3054;39;0;22/04/2021;673
3191;38;1;22/04/2021;673
3328;37;0;22/04/2021;673
3465;36;1;22/04/2021;673
3603;35;0;22/04/2021;673
35;61;0;22/04/2021;675
172;60;0;22/04/2021;675
309;59;0;22/04/2021;675
446;58;0;22/04/2021;675
583;57;0;22/04/2021;675
720;56;0;22/04/2021;675
857;55;0;22/04/2021;675
994;54;0;22/04/2021;675
1131;53;0;22/04/2021;675
1268;52;0;22/04/2021;675
1405;51;0;22/04/2021;675
1542;50;0;22/04/2021;675
1679;49;0;22/04/2021;675
1816;48;0;22/04/2021;675
1953;47;0;22/04/2021;675
2091;46;0;22/04/2021;675
2228;45;0;22/04/2021;675
2368;44;0;22/04/2021;675
2505;43;0;22/04/2021;675
2642;42;0;22/04/2021;675
2779;41;0;22/04/2021;675
2916;40;0;22/04/2021;675
3053;39;0;22/04/2021;675
3190;38;1;22/04/2021;675
3327;37;0;22/04/2021;675
3464;36;1;22/04/2021;675
3602;35;0;22/04/2021;675
34;61;0;22/04/2021;676
171;60;0;22/04/2021;676
308;59;0;22/04/2021;676
445;58;0;22/04/2021;676
582;57;0;22/04/2021;676
719;56;0;22/04/2021;676
856;55;0;22/04/2021;676
993;54;1;22/04/2021;676
1130;53;0;22/04/2021;676
1267;52;0;22/04/2021;676
1404;51;0;22/04/2021;676
1541;50;0;22/04/2021;676
1678;49;1;22/04/2021;676
1815;48;0;22/04/2021;676
1952;47;0;22/04/2021;676
2090;46;0;22/04/2021;676
2227;45;0;22/04/2021;676
2367;44;0;22/04/2021;676
2504;43;0;22/04/2021;676
2641;42;0;22/04/2021;676
2778;41;0;22/04/2021;676
2915;40;0;22/04/2021;676
3052;39;0;22/04/2021;676
3189;38;1;22/04/2021;676
3326;37;0;22/04/2021;676
3463;36;1;22/04/2021;676
3601;35;0;22/04/2021;676
33;61;0;22/04/2021;688
170;60;0;22/04/2021;688
307;59;0;22/04/2021;688
444;58;0;22/04/2021;688
581;57;0;22/04/2021;688
718;56;0;22/04/2021;688
855;55;0;22/04/2021;688
992;54;1;22/04/2021;688
1129;53;0;22/04/2021;688
1266;52;0;22/04/2021;688
1403;51;0;22/04/2021;688
1540;50;0;22/04/2021;688
1677;49;0;22/04/2021;688
1814;48;0;22/04/2021;688
1951;47;0;22/04/2021;688
2089;46;0;22/04/2021;688
2226;45;0;22/04/2021;688
2366;44;0;22/04/2021;688
2503;43;0;22/04/2021;688
2640;42;0;22/04/2021;688
2777;41;0;22/04/2021;688
2914;40;0;22/04/2021;688
3051;39;0;22/04/2021;688
3188;38;1;22/04/2021;688
3325;37;0;22/04/2021;688
3462;36;1;22/04/2021;688
3600;35;0;22/04/2021;688
32;61;0;22/04/2021;689
169;60;0;22/04/2021;689
306;59;0;22/04/2021;689
443;58;0;22/04/2021;689
580;57;0;22/04/2021;689
717;56;0;22/04/2021;689
854;55;0;22/04/2021;689
991;54;0;22/04/2021;689
1128;53;0;22/04/2021;689
1265;52;0;22/04/2021;689
1402;51;0;22/04/2021;689
1539;50;0;22/04/2021;689
1676;49;0;22/04/2021;689
1813;48;0;22/04/2021;689
1950;47;0;22/04/2021;689
2088;46;0;22/04/2021;689
2225;45;0;22/04/2021;689
2365;44;0;22/04/2021;689
2502;43;0;22/04/2021;689
2639;42;0;22/04/2021;689
2776;41;0;22/04/2021;689
2913;40;0;22/04/2021;689
3050;39;0;22/04/2021;689
3187;38;1;22/04/2021;689
3324;37;0;22/04/2021;689
3461;36;1;22/04/2021;689
3599;35;0;22/04/2021;689
31;61;0;22/04/2021;691
168;60;0;22/04/2021;691
305;59;0;22/04/2021;691
442;58;0;22/04/2021;691
579;57;0;22/04/2021;691
716;56;0;22/04/2021;691
853;55;0;22/04/2021;691
990;54;1;22/04/2021;691
1127;53;0;22/04/2021;691
1264;52;0;22/04/2021;691
1401;51;1;22/04/2021;691
1538;50;0;22/04/2021;691
1675;49;0;22/04/2021;691
1812;48;0;22/04/2021;691
1949;47;0;22/04/2021;691
2087;46;0;22/04/2021;691
2224;45;0;22/04/2021;691
2364;44;0;22/04/2021;691
2501;43;0;22/04/2021;691
2638;42;0;22/04/2021;691
2775;41;0;22/04/2021;691
2912;40;0;22/04/2021;691
3049;39;0;22/04/2021;691
3186;38;1;22/04/2021;691
3323;37;0;22/04/2021;691
3460;36;1;22/04/2021;691
3598;35;0;22/04/2021;691
30;61;0;22/04/2021;692
167;60;0;22/04/2021;692
304;59;0;22/04/2021;692
441;58;0;22/04/2021;692
578;57;0;22/04/2021;692
715;56;0;22/04/2021;692
852;55;0;22/04/2021;692
989;54;0;22/04/2021;692
1126;53;0;22/04/2021;692
1263;52;0;22/04/2021;692
1400;51;0;22/04/2021;692
1537;50;0;22/04/2021;692
1674;49;0;22/04/2021;692
1811;48;0;22/04/2021;692
1948;47;0;22/04/2021;692
2086;46;0;22/04/2021;692
2223;45;0;22/04/2021;692
2363;44;0;22/04/2021;692
2500;43;0;22/04/2021;692
2637;42;0;22/04/2021;692
2774;41;0;22/04/2021;692
2911;40;0;22/04/2021;692
3048;39;0;22/04/2021;692
3185;38;1;22/04/2021;692
3322;37;0;22/04/2021;692
3459;36;1;22/04/2021;692
3597;35;0;22/04/2021;692
29;61;0;22/04/2021;697
166;60;0;22/04/2021;697
303;59;0;22/04/2021;697
440;58;0;22/04/2021;697
577;57;0;22/04/2021;697
714;56;0;22/04/2021;697
851;55;0;22/04/2021;697
988;54;0;22/04/2021;697
1125;53;0;22/04/2021;697
1262;52;0;22/04/2021;697
1399;51;0;22/04/2021;697
1536;50;0;22/04/2021;697
1673;49;0;22/04/2021;697
1810;48;0;22/04/2021;697
1947;47;0;22/04/2021;697
2085;46;0;22/04/2021;697
2222;45;0;22/04/2021;697
2362;44;0;22/04/2021;697
2499;43;0;22/04/2021;697
2636;42;0;22/04/2021;697
2773;41;0;22/04/2021;697
2910;40;0;22/04/2021;697
3047;39;0;22/04/2021;697
3184;38;1;22/04/2021;697
3321;37;0;22/04/2021;697
3458;36;1;22/04/2021;697
3596;35;0;22/04/2021;697
28;61;0;22/04/2021;699
165;60;0;22/04/2021;699
302;59;0;22/04/2021;699
439;58;0;22/04/2021;699
576;57;0;22/04/2021;699
713;56;0;22/04/2021;699
850;55;0;22/04/2021;699
987;54;0;22/04/2021;699
1124;53;0;22/04/2021;699
1261;52;0;22/04/2021;699
1398;51;0;22/04/2021;699
1535;50;0;22/04/2021;699
1672;49;0;22/04/2021;699
1809;48;0;22/04/2021;699
1946;47;0;22/04/2021;699
2084;46;0;22/04/2021;699
2221;45;0;22/04/2021;699
2361;44;0;22/04/2021;699
2498;43;0;22/04/2021;699
2635;42;0;22/04/2021;699
2772;41;0;22/04/2021;699
2909;40;0;22/04/2021;699
3046;39;0;22/04/2021;699
3183;38;1;22/04/2021;699
3320;37;0;22/04/2021;699
3457;36;1;22/04/2021;699
3595;35;0;22/04/2021;699
27;61;0;22/04/2021;700
164;60;0;22/04/2021;700
301;59;0;22/04/2021;700
438;58;0;22/04/2021;700
575;57;0;22/04/2021;700
712;56;0;22/04/2021;700
849;55;0;22/04/2021;700
986;54;0;22/04/2021;700
1123;53;0;22/04/2021;700
1260;52;0;22/04/2021;700
1397;51;0;22/04/2021;700
1534;50;0;22/04/2021;700
1671;49;0;22/04/2021;700
1808;48;0;22/04/2021;700
1945;47;0;22/04/2021;700
2083;46;0;22/04/2021;700
2220;45;0;22/04/2021;700
2360;44;0;22/04/2021;700
2497;43;0;22/04/2021;700
2634;42;0;22/04/2021;700
2771;41;0;22/04/2021;700
2908;40;0;22/04/2021;700
3045;39;0;22/04/2021;700
3182;38;1;22/04/2021;700
3319;37;0;22/04/2021;700
3456;36;1;22/04/2021;700
3594;35;0;22/04/2021;700
26;61;0;22/04/2021;702
163;60;0;22/04/2021;702
300;59;0;22/04/2021;702
437;58;0;22/04/2021;702
574;57;0;22/04/2021;702
711;56;0;22/04/2021;702
848;55;0;22/04/2021;702
985;54;1;22/04/2021;702
1122;53;0;22/04/2021;702
1259;52;0;22/04/2021;702
1396;51;0;22/04/2021;702
1533;50;0;22/04/2021;702
1670;49;0;22/04/2021;702
1807;48;0;22/04/2021;702
1944;47;0;22/04/2021;702
2082;46;0;22/04/2021;702
2219;45;0;22/04/2021;702
2359;44;0;22/04/2021;702
2496;43;0;22/04/2021;702
2633;42;0;22/04/2021;702
2770;41;0;22/04/2021;702
2907;40;0;22/04/2021;702
3044;39;0;22/04/2021;702
3181;38;1;22/04/2021;702
3318;37;0;22/04/2021;702
3455;36;1;22/04/2021;702
3593;35;0;22/04/2021;702
25;61;0;22/04/2021;703
162;60;0;22/04/2021;703
299;59;0;22/04/2021;703
436;58;0;22/04/2021;703
573;57;0;22/04/2021;703
710;56;0;22/04/2021;703
847;55;0;22/04/2021;703
984;54;1;22/04/2021;703
1121;53;0;22/04/2021;703
1258;52;1;22/04/2021;703
1395;51;0;22/04/2021;703
1532;50;0;22/04/2021;703
1669;49;1;22/04/2021;703
1806;48;0;22/04/2021;703
1943;47;0;22/04/2021;703
2081;46;0;22/04/2021;703
2218;45;0;22/04/2021;703
2358;44;0;22/04/2021;703
2495;43;0;22/04/2021;703
2632;42;0;22/04/2021;703
2769;41;0;22/04/2021;703
2906;40;0;22/04/2021;703
3043;39;0;22/04/2021;703
3180;38;1;22/04/2021;703
3317;37;0;22/04/2021;703
3454;36;1;22/04/2021;703
3592;35;0;22/04/2021;703
24;61;0;22/04/2021;704
161;60;0;22/04/2021;704
298;59;0;22/04/2021;704
435;58;0;22/04/2021;704
572;57;0;22/04/2021;704
709;56;0;22/04/2021;704
846;55;0;22/04/2021;704
983;54;0;22/04/2021;704
1120;53;0;22/04/2021;704
1257;52;0;22/04/2021;704
1394;51;0;22/04/2021;704
1531;50;0;22/04/2021;704
1668;49;0;22/04/2021;704
1805;48;0;22/04/2021;704
1942;47;0;22/04/2021;704
2080;46;0;22/04/2021;704
2217;45;0;22/04/2021;704
2357;44;0;22/04/2021;704
2494;43;0;22/04/2021;704
2631;42;0;22/04/2021;704
2768;41;0;22/04/2021;704
2905;40;0;22/04/2021;704
3042;39;0;22/04/2021;704
3179;38;1;22/04/2021;704
3316;37;0;22/04/2021;704
3453;36;1;22/04/2021;704
3591;35;0;22/04/2021;704
23;61;0;22/04/2021;705
160;60;0;22/04/2021;705
297;59;0;22/04/2021;705
434;58;0;22/04/2021;705
571;57;0;22/04/2021;705
708;56;0;22/04/2021;705
845;55;0;22/04/2021;705
982;54;1;22/04/2021;705
1119;53;0;22/04/2021;705
1256;52;0;22/04/2021;705
1393;51;0;22/04/2021;705
1530;50;0;22/04/2021;705
1667;49;1;22/04/2021;705
1804;48;0;22/04/2021;705
1941;47;0;22/04/2021;705
2079;46;0;22/04/2021;705
2216;45;0;22/04/2021;705
2356;44;0;22/04/2021;705
2493;43;0;22/04/2021;705
2630;42;0;22/04/2021;705
2767;41;0;22/04/2021;705
2904;40;0;22/04/2021;705
3041;39;0;22/04/2021;705
3178;38;1;22/04/2021;705
3315;37;0;22/04/2021;705
3452;36;1;22/04/2021;705
3590;35;0;22/04/2021;705
22;61;0;22/04/2021;710
159;60;0;22/04/2021;710
296;59;0;22/04/2021;710
433;58;0;22/04/2021;710
570;57;0;22/04/2021;710
707;56;0;22/04/2021;710
844;55;0;22/04/2021;710
981;54;1;22/04/2021;710
1118;53;0;22/04/2021;710
1255;52;0;22/04/2021;710
1392;51;0;22/04/2021;710
1529;50;0;22/04/2021;710
1666;49;0;22/04/2021;710
1803;48;0;22/04/2021;710
1940;47;0;22/04/2021;710
2078;46;0;22/04/2021;710
2215;45;0;22/04/2021;710
2355;44;0;22/04/2021;710
2492;43;0;22/04/2021;710
2629;42;0;22/04/2021;710
2766;41;0;22/04/2021;710
2903;40;0;22/04/2021;710
3040;39;0;22/04/2021;710
3177;38;1;22/04/2021;710
3314;37;0;22/04/2021;710
3451;36;1;22/04/2021;710
3589;35;0;22/04/2021;710
21;61;0;22/04/2021;711
158;60;0;22/04/2021;711
295;59;0;22/04/2021;711
432;58;0;22/04/2021;711
569;57;0;22/04/2021;711
706;56;0;22/04/2021;711
843;55;0;22/04/2021;711
980;54;0;22/04/2021;711
1117;53;0;22/04/2021;711
1254;52;0;22/04/2021;711
1391;51;0;22/04/2021;711
1528;50;0;22/04/2021;711
1665;49;0;22/04/2021;711
1802;48;0;22/04/2021;711
1939;47;0;22/04/2021;711
2077;46;0;22/04/2021;711
2214;45;0;22/04/2021;711
2354;44;0;22/04/2021;711
2491;43;0;22/04/2021;711
2628;42;0;22/04/2021;711
2765;41;0;22/04/2021;711
2902;40;0;22/04/2021;711
3039;39;0;22/04/2021;711
3176;38;1;22/04/2021;711
3313;37;0;22/04/2021;711
3450;36;1;22/04/2021;711
3588;35;0;22/04/2021;711
20;61;0;22/04/2021;712
157;60;0;22/04/2021;712
294;59;0;22/04/2021;712
431;58;0;22/04/2021;712
568;57;0;22/04/2021;712
705;56;0;22/04/2021;712
842;55;0;22/04/2021;712
979;54;1;22/04/2021;712
1116;53;0;22/04/2021;712
1253;52;0;22/04/2021;712
1390;51;0;22/04/2021;712
1527;50;1;22/04/2021;712
1664;49;1;22/04/2021;712
1801;48;0;22/04/2021;712
1938;47;0;22/04/2021;712
2076;46;0;22/04/2021;712
2213;45;0;22/04/2021;712
2353;44;0;22/04/2021;712
2490;43;0;22/04/2021;712
2627;42;1;22/04/2021;712
2764;41;0;22/04/2021;712
2901;40;1;22/04/2021;712
3038;39;1;22/04/2021;712
3175;38;1;22/04/2021;712
3312;37;0;22/04/2021;712
3449;36;1;22/04/2021;712
3587;35;0;22/04/2021;712
19;61;0;22/04/2021;715
156;60;0;22/04/2021;715
293;59;0;22/04/2021;715
430;58;0;22/04/2021;715
567;57;0;22/04/2021;715
704;56;0;22/04/2021;715
841;55;0;22/04/2021;715
978;54;0;22/04/2021;715
1115;53;0;22/04/2021;715
1252;52;0;22/04/2021;715
1389;51;0;22/04/2021;715
1526;50;0;22/04/2021;715
1663;49;0;22/04/2021;715
1800;48;0;22/04/2021;715
1937;47;0;22/04/2021;715
2075;46;0;22/04/2021;715
2212;45;0;22/04/2021;715
2352;44;0;22/04/2021;715
2489;43;0;22/04/2021;715
2626;42;0;22/04/2021;715
2763;41;0;22/04/2021;715
2900;40;0;22/04/2021;715
3037;39;0;22/04/2021;715
3174;38;1;22/04/2021;715
3311;37;0;22/04/2021;715
3448;36;1;22/04/2021;715
3586;35;0;22/04/2021;715
18;61;0;22/04/2021;716
155;60;0;22/04/2021;716
292;59;0;22/04/2021;716
429;58;0;22/04/2021;716
566;57;0;22/04/2021;716
703;56;0;22/04/2021;716
840;55;0;22/04/2021;716
977;54;1;22/04/2021;716
1114;53;0;22/04/2021;716
1251;52;0;22/04/2021;716
1388;51;0;22/04/2021;716
1525;50;0;22/04/2021;716
1662;49;0;22/04/2021;716
1799;48;0;22/04/2021;716
1936;47;0;22/04/2021;716
2074;46;0;22/04/2021;716
2211;45;0;22/04/2021;716
2351;44;0;22/04/2021;716
2488;43;0;22/04/2021;716
2625;42;0;22/04/2021;716
2762;41;0;22/04/2021;716
2899;40;0;22/04/2021;716
3036;39;0;22/04/2021;716
3173;38;1;22/04/2021;716
3310;37;0;22/04/2021;716
3447;36;1;22/04/2021;716
3585;35;0;22/04/2021;716
17;61;0;22/04/2021;717
154;60;0;22/04/2021;717
291;59;0;22/04/2021;717
428;58;0;22/04/2021;717
565;57;0;22/04/2021;717
702;56;0;22/04/2021;717
839;55;0;22/04/2021;717
976;54;1;22/04/2021;717
1113;53;0;22/04/2021;717
1250;52;0;22/04/2021;717
1387;51;0;22/04/2021;717
1524;50;0;22/04/2021;717
1661;49;1;22/04/2021;717
1798;48;0;22/04/2021;717
1935;47;0;22/04/2021;717
2073;46;0;22/04/2021;717
2210;45;0;22/04/2021;717
2350;44;0;22/04/2021;717
2487;43;0;22/04/2021;717
2624;42;0;22/04/2021;717
2761;41;0;22/04/2021;717
2898;40;0;22/04/2021;717
3035;39;0;22/04/2021;717
3172;38;1;22/04/2021;717
3309;37;0;22/04/2021;717
3446;36;1;22/04/2021;717
3584;35;0;22/04/2021;717
16;61;0;22/04/2021;718
153;60;0;22/04/2021;718
290;59;0;22/04/2021;718
427;58;0;22/04/2021;718
564;57;0;22/04/2021;718
701;56;0;22/04/2021;718
838;55;0;22/04/2021;718
975;54;0;22/04/2021;718
1112;53;0;22/04/2021;718
1249;52;0;22/04/2021;718
1386;51;0;22/04/2021;718
1523;50;0;22/04/2021;718
1660;49;0;22/04/2021;718
1797;48;0;22/04/2021;718
1934;47;0;22/04/2021;718
2072;46;0;22/04/2021;718
2209;45;0;22/04/2021;718
2349;44;0;22/04/2021;718
2486;43;0;22/04/2021;718
2623;42;0;22/04/2021;718
2760;41;0;22/04/2021;718
2897;40;0;22/04/2021;718
3034;39;0;22/04/2021;718
3171;38;1;22/04/2021;718
3308;37;0;22/04/2021;718
3445;36;1;22/04/2021;718
3583;35;0;22/04/2021;718
15;61;0;22/04/2021;719
152;60;0;22/04/2021;719
289;59;0;22/04/2021;719
426;58;0;22/04/2021;719
563;57;0;22/04/2021;719
700;56;0;22/04/2021;719
837;55;0;22/04/2021;719
974;54;1;22/04/2021;719
1111;53;0;22/04/2021;719
1248;52;0;22/04/2021;719
1385;51;0;22/04/2021;719
1522;50;0;22/04/2021;719
1659;49;0;22/04/2021;719
1796;48;0;22/04/2021;719
1933;47;0;22/04/2021;719
2071;46;0;22/04/2021;719
2208;45;0;22/04/2021;719
2348;44;0;22/04/2021;719
2485;43;0;22/04/2021;719
2622;42;0;22/04/2021;719
2759;41;0;22/04/2021;719
2896;40;0;22/04/2021;719
3033;39;0;22/04/2021;719
3170;38;1;22/04/2021;719
3307;37;0;22/04/2021;719
3444;36;1;22/04/2021;719
3582;35;0;22/04/2021;719
14;61;0;22/04/2021;720
151;60;0;22/04/2021;720
288;59;0;22/04/2021;720
425;58;0;22/04/2021;720
562;57;0;22/04/2021;720
699;56;0;22/04/2021;720
836;55;0;22/04/2021;720
973;54;0;22/04/2021;720
1110;53;0;22/04/2021;720
1247;52;0;22/04/2021;720
1384;51;0;22/04/2021;720
1521;50;0;22/04/2021;720
1658;49;0;22/04/2021;720
1795;48;0;22/04/2021;720
1932;47;0;22/04/2021;720
2070;46;0;22/04/2021;720
2207;45;0;22/04/2021;720
2347;44;0;22/04/2021;720
2484;43;0;22/04/2021;720
2621;42;0;22/04/2021;720
2758;41;0;22/04/2021;720
2895;40;0;22/04/2021;720
3032;39;0;22/04/2021;720
3169;38;1;22/04/2021;720
3306;37;0;22/04/2021;720
3443;36;1;22/04/2021;720
3581;35;0;22/04/2021;720
13;61;0;22/04/2021;722
150;60;0;22/04/2021;722
287;59;0;22/04/2021;722
424;58;0;22/04/2021;722
561;57;0;22/04/2021;722
698;56;0;22/04/2021;722
835;55;0;22/04/2021;722
972;54;0;22/04/2021;722
1109;53;0;22/04/2021;722
1246;52;0;22/04/2021;722
1383;51;0;22/04/2021;722
1520;50;0;22/04/2021;722
1657;49;0;22/04/2021;722
1794;48;0;22/04/2021;722
1931;47;0;22/04/2021;722
2069;46;0;22/04/2021;722
2206;45;0;22/04/2021;722
2346;44;0;22/04/2021;722
2483;43;0;22/04/2021;722
2620;42;0;22/04/2021;722
2757;41;0;22/04/2021;722
2894;40;0;22/04/2021;722
3031;39;0;22/04/2021;722
3168;38;1;22/04/2021;722
3305;37;0;22/04/2021;722
3442;36;1;22/04/2021;722
3580;35;0;22/04/2021;722
